[debug] [2026-03-30T17:46:17.745Z] ----------------------------------------------------------------------
[debug] [2026-03-30T17:46:17.748Z] Command:       C:\nvm4w\nodejs\node.exe C:\nvm4w\nodejs\node_modules\firebase-tools\lib\bin\firebase.js deploy --project matchmysize --only hosting
[debug] [2026-03-30T17:46:17.749Z] CLI Version:   15.11.0
[debug] [2026-03-30T17:46:17.749Z] Platform:      win32
[debug] [2026-03-30T17:46:17.749Z] Node Version:  v25.2.1
[debug] [2026-03-30T17:46:17.749Z] Time:          Mon Mar 30 2026 23:16:17 GMT+0530 (India Standard Time)
[debug] [2026-03-30T17:46:17.749Z] ----------------------------------------------------------------------
[debug] 
[debug] [2026-03-30T17:46:20.074Z] > command requires scopes: ["email","openid","https://www.googleapis.com/auth/cloudplatformprojects.readonly","https://www.googleapis.com/auth/firebase","https://www.googleapis.com/auth/cloud-platform"]
[debug] [2026-03-30T17:46:20.074Z] > authorizing via signed-in user (tradexsoftwaresolution@gmail.com)
[debug] [2026-03-30T17:46:20.074Z] [iam] checking project matchmysize for permissions ["firebase.projects.get","firebasehosting.sites.update"]
[debug] [2026-03-30T17:46:20.075Z] Checked if tokens are valid: false, expires at: 1774818930711
[debug] [2026-03-30T17:46:20.076Z] Checked if tokens are valid: false, expires at: 1774818930711
[debug] [2026-03-30T17:46:20.076Z] > refreshing access token with scopes: []
[debug] [2026-03-30T17:46:20.077Z] >>> [apiv2][query] POST https://www.googleapis.com/oauth2/v3/token [none]
[debug] [2026-03-30T17:46:20.077Z] >>> [apiv2][body] POST https://www.googleapis.com/oauth2/v3/token [omitted]
[debug] [2026-03-30T17:46:31.676Z] <<< [apiv2][status] POST https://www.googleapis.com/oauth2/v3/token 200
[debug] [2026-03-30T17:46:31.677Z] <<< [apiv2][body] POST https://www.googleapis.com/oauth2/v3/token [omitted]
[debug] [2026-03-30T17:46:31.702Z] >>> [apiv2][query] POST https://cloudresourcemanager.googleapis.com/v1/projects/matchmysize:testIamPermissions [none]
[debug] [2026-03-30T17:46:31.702Z] >>> [apiv2][(partial)header] POST https://cloudresourcemanager.googleapis.com/v1/projects/matchmysize:testIamPermissions  x-goog-user-project=matchmysize
[debug] [2026-03-30T17:46:31.702Z] >>> [apiv2][body] POST https://cloudresourcemanager.googleapis.com/v1/projects/matchmysize:testIamPermissions {"permissions":["firebase.projects.get","firebasehosting.sites.update"]}
[debug] [2026-03-30T17:46:42.230Z] <<< [apiv2][status] POST https://cloudresourcemanager.googleapis.com/v1/projects/matchmysize:testIamPermissions 403
[debug] [2026-03-30T17:46:42.230Z] <<< [apiv2][body] POST https://cloudresourcemanager.googleapis.com/v1/projects/matchmysize:testIamPermissions {"error":{"code":403,"message":"Permission denied: Consumer 'projects/matchmysize' has been suspended.","status":"PERMISSION_DENIED","details":[{"@type":"type.googleapis.com/google.rpc.ErrorInfo","reason":"CONSUMER_SUSPENDED","domain":"googleapis.com","metadata":{"service":"cloudresourcemanager.googleapis.com","containerInfo":"projects/matchmysize","consumer":"projects/728513895003"}},{"@type":"type.googleapis.com/google.rpc.LocalizedMessage","locale":"en-US","message":"Permission denied: Consumer 'projects/matchmysize' has been suspended."}]}}
[debug] [2026-03-30T17:46:42.231Z] [iam] error while checking permissions, command may fail: Request to https://cloudresourcemanager.googleapis.com/v1/projects/matchmysize:testIamPermissions had HTTP Error: 403, Permission denied: Consumer 'projects/matchmysize' has been suspended.
[debug] [2026-03-30T17:46:42.231Z] Checked if tokens are valid: true, expires at: 1774896390677
[debug] [2026-03-30T17:46:42.231Z] Checked if tokens are valid: true, expires at: 1774896390677
[debug] [2026-03-30T17:46:42.231Z] >>> [apiv2][query] GET https://firebase.googleapis.com/v1beta1/projects/matchmysize [none]
[debug] [2026-03-30T17:46:53.322Z] <<< [apiv2][status] GET https://firebase.googleapis.com/v1beta1/projects/matchmysize 200
[debug] [2026-03-30T17:46:53.322Z] <<< [apiv2][body] GET https://firebase.googleapis.com/v1beta1/projects/matchmysize {"projectId":"matchmysize","projectNumber":"728513895003","displayName":"MatchMySize","name":"projects/matchmysize","resources":{"hostingSite":"matchmysize"},"state":"ACTIVE","etag":"1_35f3920e-3608-4135-b43d-d122b3f23f59"}
[info] 
[info] === Deploying to 'matchmysize'...
[info] 
[info] i  deploying hosting 
[info] i  hosting: The site matchmysize will pin rewrites to the current latest revision of service(s) matchmysize-api 
[debug] [2026-03-30T17:46:53.328Z] Checked if tokens are valid: true, expires at: 1774896390677
[debug] [2026-03-30T17:46:53.328Z] Checked if tokens are valid: true, expires at: 1774896390677
[debug] [2026-03-30T17:46:53.328Z] >>> [apiv2][query] POST https://firebasehosting.googleapis.com/v1beta1/projects/-/sites/matchmysize/versions [none]
[debug] [2026-03-30T17:46:53.328Z] >>> [apiv2][body] POST https://firebasehosting.googleapis.com/v1beta1/projects/-/sites/matchmysize/versions {"status":"CREATED","labels":{"deployment-tool":"cli-firebase"}}
[debug] [2026-03-30T17:47:02.403Z] <<< [apiv2][status] POST https://firebasehosting.googleapis.com/v1beta1/projects/-/sites/matchmysize/versions 200
[debug] [2026-03-30T17:47:02.403Z] <<< [apiv2][body] POST https://firebasehosting.googleapis.com/v1beta1/projects/-/sites/matchmysize/versions {"name":"projects/728513895003/sites/matchmysize/versions/cd8499ce5658b7ad","status":"CREATED","config":{},"labels":{"deployment-tool":"cli-firebase"}}
[info] i  hosting[matchmysize]: beginning deploy... 
[info] i  hosting[matchmysize]: found 16 files in dist 
[debug] [2026-03-30T17:47:02.416Z] [hosting] uploading with 200 concurrency
[debug] [2026-03-30T17:47:02.504Z] Checked if tokens are valid: true, expires at: 1774896390677
[debug] [2026-03-30T17:47:02.504Z] Checked if tokens are valid: true, expires at: 1774896390677
[debug] [2026-03-30T17:47:02.505Z] [hosting] hash cache [ZGlzdA] stored for 16 files
[debug] [2026-03-30T17:47:02.505Z] [hosting][hash queue][FINAL] {"max":81,"min":9,"avg":21.0625,"active":0,"complete":16,"success":16,"errored":0,"retried":0,"total":16,"elapsed":86}
[debug] [2026-03-30T17:47:02.505Z] >>> [apiv2][query] POST https://firebasehosting.googleapis.com/v1beta1/projects/728513895003/sites/matchmysize/versions/cd8499ce5658b7ad:populateFiles [none]
[debug] [2026-03-30T17:47:02.505Z] >>> [apiv2][body] POST https://firebasehosting.googleapis.com/v1beta1/projects/728513895003/sites/matchmysize/versions/cd8499ce5658b7ad:populateFiles {"files":{"/index.html":"757f84aab853f27be1ab293781f9415afa500120fc9e31c3d9f1cafe47b96804","/assets/spring-and-summer-BcBAglN9.png":"fe05185d8e1ebbea2bcd2cfd842b4f2f3027d45d61da2c7f27ed313ad5946875","/assets/tommy-hilfiger-BiF1E3PQ.png":"db52d3cf72c736f4ced33c69f3eebf7a481bf93b9f5f9276b42c82f39555bbd1","/assets/puma-tw1u345S.png":"00d93d9950b87893defb45d7b59e5615b34e5f084602bdf49ecc543b92938a05","/assets/playstore-CQz_5fuv.png":"826346d0a867a29ed9ee056dae0dae43bc60f581e342df3f9e7fa590eec3d0d9","/assets/index-D1s4fgJo.css":"5c7903c9f687e5a99cf7102cdeb483feec75b7aacd3954908efc7ed39666d661","/assets/pull-and-bear-Dp9OYm_G.png":"c43ef725972eba25893d463a8d475f888a52e86644a188bc5a687e79b94b94b5","/assets/appstore-3IYE42--.png":"31f3017c2ba6d746a656a2d31fd26b79acb1ebd8f9cbcd35c8a6f23323e75198","/assets/zara-CQ-rL3WY.png":"6a6cb37e9a5f54b84e6fd10f6bc3224297b1657e1fb5b3bf8ee37d0955e0468d","/assets/levis-5B_wpXis.png":"84caec3f13dfd095be10726692f50fec1d1724c9c734bde7d2e7a2488797997e","/assets/adidas-BccRqVre.png":"068db4f3ea385ad218b3996e0241e1c6d4cccb27c2dbc8b15a460b360f363e96","/assets/h-and-m-BE_3s8sK.png":"c34b16a50465fbd8b80b2103e28be952cd6402fb595b62a44ceee88b453a5caa","/assets/m-and-s-j4mOUrnM.jpg":"e475380b8036aeda67d73c96f5e4f5826f2f249e941bf30c8ad6ac22fd581d0e","/assets/index-ENAcwBK7.js":"dc92a8570e3212dbc3ce1deb37738c228206439651a68fd1818234a401027805","/assets/splash-CF2kOKm3.mp4":"cd0b6588bb82d83309eb167e8335d8bea7458f9d22f637641318668adc50496c","/assets/icon-B1BqdWZ0.png":"81e079f829692e25d1beaa5937336db1abe5e91722ccec12c3311d18b2307937"}}
[debug] [2026-03-30T17:47:05.845Z] <<< [apiv2][status] POST https://firebasehosting.googleapis.com/v1beta1/projects/728513895003/sites/matchmysize/versions/cd8499ce5658b7ad:populateFiles 200
[debug] [2026-03-30T17:47:05.845Z] <<< [apiv2][body] POST https://firebasehosting.googleapis.com/v1beta1/projects/728513895003/sites/matchmysize/versions/cd8499ce5658b7ad:populateFiles {"uploadUrl":"https://upload-firebasehosting.googleapis.com/upload/sites/matchmysize/versions/cd8499ce5658b7ad/files"}
[debug] [2026-03-30T17:47:05.846Z] [hosting][populate queue][FINAL] {"max":3343,"min":3343,"avg":3343,"active":0,"complete":1,"success":1,"errored":0,"retried":0,"total":1,"elapsed":3343}
[debug] [2026-03-30T17:47:05.846Z] [hosting] uploads queued: 0
[debug] [2026-03-30T17:47:05.846Z] [hosting][upload queue][FINAL] {"max":0,"min":9999999999,"avg":0,"active":0,"complete":0,"success":0,"errored":0,"retried":0,"total":0,"elapsed":1774892825846}
[info] +  hosting[matchmysize]: file upload complete 
[debug] [2026-03-30T17:47:05.846Z] [hosting] deploy completed after 3441ms
[debug] [2026-03-30T17:47:05.847Z] [
  {
    "config": {
      "public": "dist",
      "ignore": [
        "firebase.json",
        "**/.*",
        "**/node_modules/**"
      ],
      "rewrites": [
        {
          "source": "/api/**",
          "run": {
            "serviceId": "matchmysize-api",
            "region": "us-central1",
            "pinTag": true
          }
        },
        {
          "source": "**",
          "destination": "/index.html"
        }
      ],
      "site": "matchmysize"
    },
    "version": "projects/728513895003/sites/matchmysize/versions/cd8499ce5658b7ad"
  }
]
[info] i  hosting[matchmysize]: finalizing version... 
[debug] [2026-03-30T17:47:05.848Z] Checked if tokens are valid: true, expires at: 1774896390677
[debug] [2026-03-30T17:47:05.848Z] Checked if tokens are valid: true, expires at: 1774896390677
[debug] [2026-03-30T17:47:05.848Z] >>> [apiv2][query] GET https://cloudfunctions.googleapis.com/v1/projects/matchmysize/locations/-/functions [none]
[debug] [2026-03-30T17:47:16.147Z] <<< [apiv2][status] GET https://cloudfunctions.googleapis.com/v1/projects/matchmysize/locations/-/functions 403
[debug] [2026-03-30T17:47:16.147Z] <<< [apiv2][body] GET https://cloudfunctions.googleapis.com/v1/projects/matchmysize/locations/-/functions {"error":{"code":403,"message":"Permission denied: Consumer 'projects/matchmysize' has been suspended.","status":"PERMISSION_DENIED","details":[{"@type":"type.googleapis.com/google.rpc.ErrorInfo","reason":"CONSUMER_SUSPENDED","domain":"googleapis.com","metadata":{"containerInfo":"projects/matchmysize","consumer":"projects/728513895003","service":"cloudfunctions"}},{"@type":"type.googleapis.com/google.rpc.LocalizedMessage","locale":"en-US","message":"Permission denied: Consumer 'projects/matchmysize' has been suspended."}]}}
[debug] [2026-03-30T17:47:16.147Z] [functions] failed to list functions for matchmysize
[debug] [2026-03-30T17:47:16.147Z] [functions] Request to https://cloudfunctions.googleapis.com/v1/projects/matchmysize/locations/-/functions had HTTP Error: 403, Permission denied: Consumer 'projects/matchmysize' has been suspended.
[debug] [2026-03-30T17:47:16.147Z] Deploying hosting site matchmysize, did not have permissions to check for backends:  Failed to list functions for matchmysize {"name":"FirebaseError","children":[],"exit":1,"message":"Failed to list functions for matchmysize","original":{"name":"FirebaseError","children":[],"context":{"body":{"error":{"code":403,"message":"Permission denied: Consumer 'projects/matchmysize' has been suspended.","status":"PERMISSION_DENIED","details":[{"@type":"type.googleapis.com/google.rpc.ErrorInfo","reason":"CONSUMER_SUSPENDED","domain":"googleapis.com","metadata":{"containerInfo":"projects/matchmysize","consumer":"projects/728513895003","service":"cloudfunctions"}},{"@type":"type.googleapis.com/google.rpc.LocalizedMessage","locale":"en-US","message":"Permission denied: Consumer 'projects/matchmysize' has been suspended."}]}},"response":{"statusCode":403}},"exit":1,"message":"Request to https://cloudfunctions.googleapis.com/v1/projects/matchmysize/locations/-/functions had HTTP Error: 403, Permission denied: Consumer 'projects/matchmysize' has been suspended.","status":403},"status":403}
[debug] [2026-03-30T17:47:16.148Z] Checked if tokens are valid: true, expires at: 1774896390677
[debug] [2026-03-30T17:47:16.148Z] Checked if tokens are valid: true, expires at: 1774896390677
[debug] [2026-03-30T17:47:16.148Z] >>> [apiv2][query] GET https://run.googleapis.com/v1/projects/matchmysize/locations/us-central1/services/matchmysize-api [none]
[debug] [2026-03-30T17:47:24.949Z] <<< [apiv2][status] GET https://run.googleapis.com/v1/projects/matchmysize/locations/us-central1/services/matchmysize-api 403
[debug] [2026-03-30T17:47:24.949Z] <<< [apiv2][body] GET https://run.googleapis.com/v1/projects/matchmysize/locations/us-central1/services/matchmysize-api {"error":{"code":403,"message":"Permission denied: Consumer 'projects/matchmysize' has been suspended.","status":"PERMISSION_DENIED","details":[{"@type":"type.googleapis.com/google.rpc.ErrorInfo","reason":"CONSUMER_SUSPENDED","domain":"googleapis.com","metadata":{"containerInfo":"projects/matchmysize","consumer":"projects/728513895003","service":"run.googleapis.com"}},{"@type":"type.googleapis.com/google.rpc.LocalizedMessage","locale":"en-US","message":"Permission denied: Consumer 'projects/matchmysize' has been suspended."}]}}
[debug] [2026-03-30T17:47:29.960Z] Error: Timed out.
    at Timeout._onTimeout (C:\Users\ASUS\AppData\Local\nvm\v25.2.1\node_modules\firebase-tools\lib\utils.js:308:49)
    at listOnTimeout (node:internal/timers:605:17)
    at process.processTimers (node:internal/timers:541:7)
[error] 
[error] Error: An unexpected error has occurred.
[debug] [2026-03-30T18:00:38.439Z] ----------------------------------------------------------------------
[debug] [2026-03-30T18:00:38.445Z] Command:       C:\nvm4w\nodejs\node.exe C:\nvm4w\nodejs\node_modules\firebase-tools\lib\bin\firebase.js deploy --project matchmysize --only hosting --debug
[debug] [2026-03-30T18:00:38.445Z] CLI Version:   15.11.0
[debug] [2026-03-30T18:00:38.445Z] Platform:      win32
[debug] [2026-03-30T18:00:38.446Z] Node Version:  v25.2.1
[debug] [2026-03-30T18:00:38.446Z] Time:          Mon Mar 30 2026 23:30:38 GMT+0530 (India Standard Time)
[debug] [2026-03-30T18:00:38.446Z] ----------------------------------------------------------------------
[debug] 
[debug] [2026-03-30T18:00:40.330Z] > command requires scopes: ["email","openid","https://www.googleapis.com/auth/cloudplatformprojects.readonly","https://www.googleapis.com/auth/firebase","https://www.googleapis.com/auth/cloud-platform"]
[debug] [2026-03-30T18:00:40.331Z] > authorizing via signed-in user (tradexsoftwaresolution@gmail.com)
[debug] [2026-03-30T18:00:40.332Z] [iam] checking project matchmysize for permissions ["firebase.projects.get","firebasehosting.sites.update"]
[debug] [2026-03-30T18:00:40.333Z] Checked if tokens are valid: true, expires at: 1774896390677
[debug] [2026-03-30T18:00:40.333Z] Checked if tokens are valid: true, expires at: 1774896390677
[debug] [2026-03-30T18:00:40.335Z] >>> [apiv2][query] POST https://cloudresourcemanager.googleapis.com/v1/projects/matchmysize:testIamPermissions [none]
[debug] [2026-03-30T18:00:40.335Z] >>> [apiv2][(partial)header] POST https://cloudresourcemanager.googleapis.com/v1/projects/matchmysize:testIamPermissions  x-goog-user-project=matchmysize
[debug] [2026-03-30T18:00:40.335Z] >>> [apiv2][body] POST https://cloudresourcemanager.googleapis.com/v1/projects/matchmysize:testIamPermissions {"permissions":["firebase.projects.get","firebasehosting.sites.update"]}
[debug] [2026-03-30T18:00:48.688Z] <<< [apiv2][status] POST https://cloudresourcemanager.googleapis.com/v1/projects/matchmysize:testIamPermissions 403
[debug] [2026-03-30T18:00:48.688Z] <<< [apiv2][body] POST https://cloudresourcemanager.googleapis.com/v1/projects/matchmysize:testIamPermissions {"error":{"code":403,"message":"Permission denied: Consumer 'projects/matchmysize' has been suspended.","status":"PERMISSION_DENIED","details":[{"@type":"type.googleapis.com/google.rpc.ErrorInfo","reason":"CONSUMER_SUSPENDED","domain":"googleapis.com","metadata":{"containerInfo":"projects/matchmysize","consumer":"projects/728513895003","service":"cloudresourcemanager.googleapis.com"}},{"@type":"type.googleapis.com/google.rpc.LocalizedMessage","locale":"en-US","message":"Permission denied: Consumer 'projects/matchmysize' has been suspended."}]}}
[debug] [2026-03-30T18:00:48.690Z] [iam] error while checking permissions, command may fail: Request to https://cloudresourcemanager.googleapis.com/v1/projects/matchmysize:testIamPermissions had HTTP Error: 403, Permission denied: Consumer 'projects/matchmysize' has been suspended.
[debug] [2026-03-30T18:00:48.691Z] Checked if tokens are valid: true, expires at: 1774896390677
[debug] [2026-03-30T18:00:48.691Z] Checked if tokens are valid: true, expires at: 1774896390677
[debug] [2026-03-30T18:00:48.692Z] >>> [apiv2][query] GET https://firebase.googleapis.com/v1beta1/projects/matchmysize [none]
[debug] [2026-03-30T18:00:58.780Z] <<< [apiv2][status] GET https://firebase.googleapis.com/v1beta1/projects/matchmysize 200
[debug] [2026-03-30T18:00:58.780Z] <<< [apiv2][body] GET https://firebase.googleapis.com/v1beta1/projects/matchmysize {"projectId":"matchmysize","projectNumber":"728513895003","displayName":"MatchMySize","name":"projects/matchmysize","resources":{"hostingSite":"matchmysize"},"state":"ACTIVE","etag":"1_35f3920e-3608-4135-b43d-d122b3f23f59"}
[info] 
[info] === Deploying to 'matchmysize'...
[info] 
[info] i  deploying hosting 
[info] i  hosting: The site matchmysize will pin rewrites to the current latest revision of service(s) matchmysize-api 
[debug] [2026-03-30T18:00:58.789Z] Checked if tokens are valid: true, expires at: 1774896390677
[debug] [2026-03-30T18:00:58.790Z] Checked if tokens are valid: true, expires at: 1774896390677
[debug] [2026-03-30T18:00:58.790Z] >>> [apiv2][query] POST https://firebasehosting.googleapis.com/v1beta1/projects/-/sites/matchmysize/versions [none]
[debug] [2026-03-30T18:00:58.790Z] >>> [apiv2][body] POST https://firebasehosting.googleapis.com/v1beta1/projects/-/sites/matchmysize/versions {"status":"CREATED","labels":{"deployment-tool":"cli-firebase"}}
[debug] [2026-03-30T18:01:08.967Z] <<< [apiv2][status] POST https://firebasehosting.googleapis.com/v1beta1/projects/-/sites/matchmysize/versions 200
[debug] [2026-03-30T18:01:08.967Z] <<< [apiv2][body] POST https://firebasehosting.googleapis.com/v1beta1/projects/-/sites/matchmysize/versions {"name":"projects/728513895003/sites/matchmysize/versions/682c43f6e95e145f","status":"CREATED","config":{},"labels":{"deployment-tool":"cli-firebase"}}
[info] i  hosting[matchmysize]: beginning deploy... 
[info] i  hosting[matchmysize]: found 16 files in dist 
[debug] [2026-03-30T18:01:08.991Z] [hosting] uploading with 200 concurrency
[debug] [2026-03-30T18:01:08.996Z] Checked if tokens are valid: true, expires at: 1774896390677
[debug] [2026-03-30T18:01:08.996Z] Checked if tokens are valid: true, expires at: 1774896390677
[debug] [2026-03-30T18:01:08.997Z] [hosting] hash cache [ZGlzdA] stored for 16 files
[debug] [2026-03-30T18:01:08.998Z] [hosting][hash queue][FINAL] {"max":2,"min":0,"avg":0,"active":0,"complete":16,"success":16,"errored":0,"retried":0,"total":16,"elapsed":5}
[debug] [2026-03-30T18:01:08.998Z] >>> [apiv2][query] POST https://firebasehosting.googleapis.com/v1beta1/projects/728513895003/sites/matchmysize/versions/682c43f6e95e145f:populateFiles [none]
[debug] [2026-03-30T18:01:08.999Z] >>> [apiv2][body] POST https://firebasehosting.googleapis.com/v1beta1/projects/728513895003/sites/matchmysize/versions/682c43f6e95e145f:populateFiles {"files":{"/index.html":"757f84aab853f27be1ab293781f9415afa500120fc9e31c3d9f1cafe47b96804","/assets/zara-CQ-rL3WY.png":"6a6cb37e9a5f54b84e6fd10f6bc3224297b1657e1fb5b3bf8ee37d0955e0468d","/assets/tommy-hilfiger-BiF1E3PQ.png":"db52d3cf72c736f4ced33c69f3eebf7a481bf93b9f5f9276b42c82f39555bbd1","/assets/spring-and-summer-BcBAglN9.png":"fe05185d8e1ebbea2bcd2cfd842b4f2f3027d45d61da2c7f27ed313ad5946875","/assets/splash-CF2kOKm3.mp4":"cd0b6588bb82d83309eb167e8335d8bea7458f9d22f637641318668adc50496c","/assets/puma-tw1u345S.png":"00d93d9950b87893defb45d7b59e5615b34e5f084602bdf49ecc543b92938a05","/assets/pull-and-bear-Dp9OYm_G.png":"c43ef725972eba25893d463a8d475f888a52e86644a188bc5a687e79b94b94b5","/assets/playstore-CQz_5fuv.png":"826346d0a867a29ed9ee056dae0dae43bc60f581e342df3f9e7fa590eec3d0d9","/assets/m-and-s-j4mOUrnM.jpg":"e475380b8036aeda67d73c96f5e4f5826f2f249e941bf30c8ad6ac22fd581d0e","/assets/levis-5B_wpXis.png":"84caec3f13dfd095be10726692f50fec1d1724c9c734bde7d2e7a2488797997e","/assets/index-ENAcwBK7.js":"dc92a8570e3212dbc3ce1deb37738c228206439651a68fd1818234a401027805","/assets/index-D1s4fgJo.css":"5c7903c9f687e5a99cf7102cdeb483feec75b7aacd3954908efc7ed39666d661","/assets/icon-B1BqdWZ0.png":"81e079f829692e25d1beaa5937336db1abe5e91722ccec12c3311d18b2307937","/assets/h-and-m-BE_3s8sK.png":"c34b16a50465fbd8b80b2103e28be952cd6402fb595b62a44ceee88b453a5caa","/assets/appstore-3IYE42--.png":"31f3017c2ba6d746a656a2d31fd26b79acb1ebd8f9cbcd35c8a6f23323e75198","/assets/adidas-BccRqVre.png":"068db4f3ea385ad218b3996e0241e1c6d4cccb27c2dbc8b15a460b360f363e96"}}
[info] i  hosting: adding files to version [0/16] (0%) 
[info] i  hosting: adding files to version [0/16] (0%) 
[info] i  hosting: adding files to version [0/16] (0%) 
[debug] [2026-03-30T18:01:15.919Z] <<< [apiv2][status] POST https://firebasehosting.googleapis.com/v1beta1/projects/728513895003/sites/matchmysize/versions/682c43f6e95e145f:populateFiles 200
[debug] [2026-03-30T18:01:15.919Z] <<< [apiv2][body] POST https://firebasehosting.googleapis.com/v1beta1/projects/728513895003/sites/matchmysize/versions/682c43f6e95e145f:populateFiles {"uploadUrl":"https://upload-firebasehosting.googleapis.com/upload/sites/matchmysize/versions/682c43f6e95e145f/files"}
[debug] [2026-03-30T18:01:15.920Z] [hosting][populate queue][FINAL] {"max":6924,"min":6924,"avg":6924,"active":0,"complete":1,"success":1,"errored":0,"retried":0,"total":1,"elapsed":6924}
[debug] [2026-03-30T18:01:15.921Z] [hosting] uploads queued: 0
[debug] [2026-03-30T18:01:15.921Z] [hosting][upload queue][FINAL] {"max":0,"min":9999999999,"avg":0,"active":0,"complete":0,"success":0,"errored":0,"retried":0,"total":0,"elapsed":1774893675921}
[info] i  hosting: upload complete 
[info] +  hosting[matchmysize]: file upload complete 
[debug] [2026-03-30T18:01:15.922Z] [hosting] deploy completed after 6951ms
[debug] [2026-03-30T18:01:15.922Z] [
  {
    "config": {
      "public": "dist",
      "ignore": [
        "firebase.json",
        "**/.*",
        "**/node_modules/**"
      ],
      "rewrites": [
        {
          "source": "/api/**",
          "run": {
            "serviceId": "matchmysize-api",
            "region": "us-central1",
            "pinTag": true
          }
        },
        {
          "source": "**",
          "destination": "/index.html"
        }
      ],
      "site": "matchmysize"
    },
    "version": "projects/728513895003/sites/matchmysize/versions/682c43f6e95e145f"
  }
]
[info] i  hosting[matchmysize]: finalizing version... 
[debug] [2026-03-30T18:01:15.924Z] Checked if tokens are valid: true, expires at: 1774896390677
[debug] [2026-03-30T18:01:15.925Z] Checked if tokens are valid: true, expires at: 1774896390677
[debug] [2026-03-30T18:01:15.925Z] >>> [apiv2][query] GET https://cloudfunctions.googleapis.com/v1/projects/matchmysize/locations/-/functions [none]
[debug] [2026-03-30T18:01:29.459Z] <<< [apiv2][status] GET https://cloudfunctions.googleapis.com/v1/projects/matchmysize/locations/-/functions 403
[debug] [2026-03-30T18:01:29.460Z] <<< [apiv2][body] GET https://cloudfunctions.googleapis.com/v1/projects/matchmysize/locations/-/functions {"error":{"code":403,"message":"Permission denied: Consumer 'projects/matchmysize' has been suspended.","status":"PERMISSION_DENIED","details":[{"@type":"type.googleapis.com/google.rpc.ErrorInfo","reason":"CONSUMER_SUSPENDED","domain":"googleapis.com","metadata":{"containerInfo":"projects/matchmysize","service":"cloudfunctions","consumer":"projects/728513895003"}},{"@type":"type.googleapis.com/google.rpc.LocalizedMessage","locale":"en-US","message":"Permission denied: Consumer 'projects/matchmysize' has been suspended."}]}}
[debug] [2026-03-30T18:01:29.460Z] [functions] failed to list functions for matchmysize
[debug] [2026-03-30T18:01:29.460Z] [functions] Request to https://cloudfunctions.googleapis.com/v1/projects/matchmysize/locations/-/functions had HTTP Error: 403, Permission denied: Consumer 'projects/matchmysize' has been suspended.
[debug] [2026-03-30T18:01:29.460Z] Deploying hosting site matchmysize, did not have permissions to check for backends:  Failed to list functions for matchmysize {"name":"FirebaseError","children":[],"exit":1,"message":"Failed to list functions for matchmysize","original":{"name":"FirebaseError","children":[],"context":{"body":{"error":{"code":403,"message":"Permission denied: Consumer 'projects/matchmysize' has been suspended.","status":"PERMISSION_DENIED","details":[{"@type":"type.googleapis.com/google.rpc.ErrorInfo","reason":"CONSUMER_SUSPENDED","domain":"googleapis.com","metadata":{"containerInfo":"projects/matchmysize","service":"cloudfunctions","consumer":"projects/728513895003"}},{"@type":"type.googleapis.com/google.rpc.LocalizedMessage","locale":"en-US","message":"Permission denied: Consumer 'projects/matchmysize' has been suspended."}]}},"response":{"statusCode":403}},"exit":1,"message":"Request to https://cloudfunctions.googleapis.com/v1/projects/matchmysize/locations/-/functions had HTTP Error: 403, Permission denied: Consumer 'projects/matchmysize' has been suspended.","status":403},"status":403}
[debug] [2026-03-30T18:01:29.462Z] Checked if tokens are valid: true, expires at: 1774896390677
[debug] [2026-03-30T18:01:29.462Z] Checked if tokens are valid: true, expires at: 1774896390677
[debug] [2026-03-30T18:01:29.463Z] >>> [apiv2][query] GET https://run.googleapis.com/v1/projects/matchmysize/locations/us-central1/services/matchmysize-api [none]
[debug] [2026-03-30T18:01:44.097Z] <<< [apiv2][status] GET https://run.googleapis.com/v1/projects/matchmysize/locations/us-central1/services/matchmysize-api 403
[debug] [2026-03-30T18:01:44.097Z] <<< [apiv2][body] GET https://run.googleapis.com/v1/projects/matchmysize/locations/us-central1/services/matchmysize-api {"error":{"code":403,"message":"Permission denied: Consumer 'projects/matchmysize' has been suspended.","status":"PERMISSION_DENIED","details":[{"@type":"type.googleapis.com/google.rpc.ErrorInfo","reason":"CONSUMER_SUSPENDED","domain":"googleapis.com","metadata":{"containerInfo":"projects/matchmysize","consumer":"projects/728513895003","service":"run.googleapis.com"}},{"@type":"type.googleapis.com/google.rpc.LocalizedMessage","locale":"en-US","message":"Permission denied: Consumer 'projects/matchmysize' has been suspended."}]}}
[debug] [2026-03-30T18:01:47.918Z] FirebaseError: Request to https://run.googleapis.com/v1/projects/matchmysize/locations/us-central1/services/matchmysize-api had HTTP Error: 403, Permission denied: Consumer 'projects/matchmysize' has been suspended.
    at responseToError (C:\Users\ASUS\AppData\Local\nvm\v25.2.1\node_modules\firebase-tools\lib\responseToError.js:53:12)
    at RetryOperation._fn (C:\Users\ASUS\AppData\Local\nvm\v25.2.1\node_modules\firebase-tools\lib\apiv2.js:333:77)
    at process.processTicksAndRejections (node:internal/process/task_queues:103:5)
[error] 
[error] Error: Failed to fetch Run service projects/matchmysize/locations/us-central1/services/matchmysize-api
[debug] [2026-03-30T18:47:17.920Z] ----------------------------------------------------------------------
[debug] [2026-03-30T18:47:17.923Z] Command:       C:\nvm4w\nodejs\node.exe C:\nvm4w\nodejs\node_modules\firebase-tools\lib\bin\firebase.js projects:list
[debug] [2026-03-30T18:47:17.924Z] CLI Version:   15.11.0
[debug] [2026-03-30T18:47:17.924Z] Platform:      win32
[debug] [2026-03-30T18:47:17.924Z] Node Version:  v25.2.1
[debug] [2026-03-30T18:47:17.924Z] Time:          Tue Mar 31 2026 00:17:17 GMT+0530 (India Standard Time)
[debug] [2026-03-30T18:47:17.924Z] ----------------------------------------------------------------------
[debug] 
[debug] [2026-03-30T18:47:17.926Z] >>> [apiv2][query] GET https://firebase-public.firebaseio.com/cli.json [none]
[debug] [2026-03-30T18:47:18.281Z] > command requires scopes: ["email","openid","https://www.googleapis.com/auth/cloudplatformprojects.readonly","https://www.googleapis.com/auth/firebase","https://www.googleapis.com/auth/cloud-platform"]
[debug] [2026-03-30T18:47:18.282Z] > authorizing via signed-in user (tradexsoftwaresolution@gmail.com)
[debug] [2026-03-30T18:47:18.285Z] Checked if tokens are valid: false, expires at: 1774896390677
[debug] [2026-03-30T18:47:18.285Z] Checked if tokens are valid: false, expires at: 1774896390677
[debug] [2026-03-30T18:47:18.285Z] > refreshing access token with scopes: []
[debug] [2026-03-30T18:47:18.286Z] >>> [apiv2][query] POST https://www.googleapis.com/oauth2/v3/token [none]
[debug] [2026-03-30T18:47:18.287Z] >>> [apiv2][body] POST https://www.googleapis.com/oauth2/v3/token [omitted]
[debug] [2026-03-30T18:47:21.095Z] <<< [apiv2][status] POST https://www.googleapis.com/oauth2/v3/token 200
[debug] [2026-03-30T18:47:21.095Z] <<< [apiv2][body] POST https://www.googleapis.com/oauth2/v3/token [omitted]
[debug] [2026-03-30T18:47:21.124Z] >>> [apiv2][query] GET https://firebase.googleapis.com/v1beta1/projects pageSize=1000
[debug] [2026-03-30T18:47:21.524Z] <<< [apiv2][status] GET https://firebase-public.firebaseio.com/cli.json 200
[debug] [2026-03-30T18:47:21.525Z] <<< [apiv2][body] GET https://firebase-public.firebaseio.com/cli.json {"cloudBuildErrorAfter":1594252800000,"cloudBuildWarnAfter":1590019200000,"defaultNode10After":1594252800000,"minVersion":"3.0.5","node8DeploysDisabledAfter":1613390400000,"node8RuntimeDisabledAfter":1615809600000,"node8WarnAfter":1600128000000}
[debug] [2026-03-30T18:47:22.849Z] <<< [apiv2][status] GET https://firebase.googleapis.com/v1beta1/projects 200
[debug] [2026-03-30T18:47:22.849Z] <<< [apiv2][body] GET https://firebase.googleapis.com/v1beta1/projects [omitted]
[info] ┌──────────────────────┬───────────────────────┬────────────────┬──────────────────────┐
│ Project Display Name │ Project ID            │ Project Number │ Resource Location ID │
├──────────────────────┼───────────────────────┼────────────────┼──────────────────────┤
│ MatchMySize          │ matchmysize (current) │ 728513895003   │ [Not specified]      │
├──────────────────────┼───────────────────────┼────────────────┼──────────────────────┤
│ MatchmysizeSL        │ matchmysizesl-85836   │ 938550702484   │ [Not specified]      │
└──────────────────────┴───────────────────────┴────────────────┴──────────────────────┘
[info] 
[info] 2 project(s) total.
[debug] [2026-03-30T18:57:41.704Z] ----------------------------------------------------------------------
[debug] [2026-03-30T18:57:41.706Z] Command:       C:\nvm4w\nodejs\node.exe C:\nvm4w\nodejs\node_modules\firebase-tools\lib\bin\firebase.js projects:addfirebase matchmysize-491718
[debug] [2026-03-30T18:57:41.707Z] CLI Version:   15.11.0
[debug] [2026-03-30T18:57:41.707Z] Platform:      win32
[debug] [2026-03-30T18:57:41.707Z] Node Version:  v25.2.1
[debug] [2026-03-30T18:57:41.707Z] Time:          Tue Mar 31 2026 00:27:41 GMT+0530 (India Standard Time)
[debug] [2026-03-30T18:57:41.707Z] ----------------------------------------------------------------------
[debug] 
[debug] [2026-03-30T18:57:41.893Z] > command requires scopes: ["email","openid","https://www.googleapis.com/auth/cloudplatformprojects.readonly","https://www.googleapis.com/auth/firebase","https://www.googleapis.com/auth/cloud-platform"]
[debug] [2026-03-30T18:57:41.894Z] > authorizing via signed-in user (tradexsoftwaresolution@gmail.com)
[debug] [2026-03-30T18:57:41.898Z] Checked if tokens are valid: true, expires at: 1774900040095
[debug] [2026-03-30T18:57:41.899Z] Checked if tokens are valid: true, expires at: 1774900040095
[debug] [2026-03-30T18:57:41.899Z] >>> [apiv2][query] POST https://firebase.googleapis.com/v1beta1/projects/matchmysize-491718:addFirebase [none]
[debug] [2026-03-30T18:57:56.903Z] *** [apiv2] error from fetch(https://firebase.googleapis.com/v1beta1/projects/matchmysize-491718:addFirebase, {"headers":{},"method":"POST","signal":{"reason":""}}): AbortError: The user aborted a request.
[debug] [2026-03-30T18:57:56.903Z] Timeout reached making request to https://firebase.googleapis.com/v1beta1/projects/matchmysize-491718:addFirebase
[debug] [2026-03-30T18:58:01.909Z] Error: Timed out.
    at Timeout._onTimeout (C:\Users\ASUS\AppData\Local\nvm\v25.2.1\node_modules\firebase-tools\lib\utils.js:308:49)
    at listOnTimeout (node:internal/timers:605:17)
    at process.processTimers (node:internal/timers:541:7)
[error] 
[error] Error: An unexpected error has occurred.
[debug] [2026-03-30T19:01:46.280Z] ----------------------------------------------------------------------
[debug] [2026-03-30T19:01:46.282Z] Command:       C:\nvm4w\nodejs\node.exe C:\nvm4w\nodejs\node_modules\firebase-tools\lib\bin\firebase.js deploy --project matchmysize --only hosting
[debug] [2026-03-30T19:01:46.283Z] CLI Version:   15.11.0
[debug] [2026-03-30T19:01:46.283Z] Platform:      win32
[debug] [2026-03-30T19:01:46.283Z] Node Version:  v25.2.1
[debug] [2026-03-30T19:01:46.283Z] Time:          Tue Mar 31 2026 00:31:46 GMT+0530 (India Standard Time)
[debug] [2026-03-30T19:01:46.283Z] ----------------------------------------------------------------------
[debug] 
[debug] [2026-03-30T19:01:47.628Z] > command requires scopes: ["email","openid","https://www.googleapis.com/auth/cloudplatformprojects.readonly","https://www.googleapis.com/auth/firebase","https://www.googleapis.com/auth/cloud-platform"]
[debug] [2026-03-30T19:01:47.629Z] > authorizing via signed-in user (tradexsoftwaresolution@gmail.com)
[debug] [2026-03-30T19:01:47.629Z] [iam] checking project matchmysize for permissions ["firebase.projects.get","firebasehosting.sites.update"]
[debug] [2026-03-30T19:01:47.630Z] Checked if tokens are valid: true, expires at: 1774900040095
[debug] [2026-03-30T19:01:47.630Z] Checked if tokens are valid: true, expires at: 1774900040095
[debug] [2026-03-30T19:01:47.630Z] >>> [apiv2][query] POST https://cloudresourcemanager.googleapis.com/v1/projects/matchmysize:testIamPermissions [none]
[debug] [2026-03-30T19:01:47.631Z] >>> [apiv2][(partial)header] POST https://cloudresourcemanager.googleapis.com/v1/projects/matchmysize:testIamPermissions  x-goog-user-project=matchmysize
[debug] [2026-03-30T19:01:47.631Z] >>> [apiv2][body] POST https://cloudresourcemanager.googleapis.com/v1/projects/matchmysize:testIamPermissions {"permissions":["firebase.projects.get","firebasehosting.sites.update"]}
[debug] [2026-03-30T19:01:50.950Z] <<< [apiv2][status] POST https://cloudresourcemanager.googleapis.com/v1/projects/matchmysize:testIamPermissions 403
[debug] [2026-03-30T19:01:50.950Z] <<< [apiv2][body] POST https://cloudresourcemanager.googleapis.com/v1/projects/matchmysize:testIamPermissions {"error":{"code":403,"message":"Permission denied: Consumer 'projects/matchmysize' has been suspended.","status":"PERMISSION_DENIED","details":[{"@type":"type.googleapis.com/google.rpc.ErrorInfo","reason":"CONSUMER_SUSPENDED","domain":"googleapis.com","metadata":{"containerInfo":"projects/matchmysize","consumer":"projects/728513895003","service":"cloudresourcemanager.googleapis.com"}},{"@type":"type.googleapis.com/google.rpc.LocalizedMessage","locale":"en-US","message":"Permission denied: Consumer 'projects/matchmysize' has been suspended."}]}}
[debug] [2026-03-30T19:01:50.951Z] [iam] error while checking permissions, command may fail: Request to https://cloudresourcemanager.googleapis.com/v1/projects/matchmysize:testIamPermissions had HTTP Error: 403, Permission denied: Consumer 'projects/matchmysize' has been suspended.
[debug] [2026-03-30T19:01:50.951Z] Checked if tokens are valid: true, expires at: 1774900040095
[debug] [2026-03-30T19:01:50.951Z] Checked if tokens are valid: true, expires at: 1774900040095
[debug] [2026-03-30T19:01:50.951Z] >>> [apiv2][query] GET https://firebase.googleapis.com/v1beta1/projects/matchmysize [none]
[debug] [2026-03-30T19:01:58.819Z] <<< [apiv2][status] GET https://firebase.googleapis.com/v1beta1/projects/matchmysize 200
[debug] [2026-03-30T19:01:58.820Z] <<< [apiv2][body] GET https://firebase.googleapis.com/v1beta1/projects/matchmysize {"projectId":"matchmysize","projectNumber":"728513895003","displayName":"MatchMySize","name":"projects/matchmysize","resources":{"hostingSite":"matchmysize"},"state":"ACTIVE","etag":"1_35f3920e-3608-4135-b43d-d122b3f23f59"}
[info] 
[info] === Deploying to 'matchmysize'...
[info] 
[info] i  deploying hosting 
[info] i  hosting: The site matchmysize will pin rewrites to the current latest revision of service(s) matchmysize-api 
[debug] [2026-03-30T19:01:58.825Z] Checked if tokens are valid: true, expires at: 1774900040095
[debug] [2026-03-30T19:01:58.825Z] Checked if tokens are valid: true, expires at: 1774900040095
[debug] [2026-03-30T19:01:58.825Z] >>> [apiv2][query] POST https://firebasehosting.googleapis.com/v1beta1/projects/-/sites/matchmysize/versions [none]
[debug] [2026-03-30T19:01:58.825Z] >>> [apiv2][body] POST https://firebasehosting.googleapis.com/v1beta1/projects/-/sites/matchmysize/versions {"status":"CREATED","labels":{"deployment-tool":"cli-firebase"}}
[debug] [2026-03-30T19:02:03.565Z] <<< [apiv2][status] POST https://firebasehosting.googleapis.com/v1beta1/projects/-/sites/matchmysize/versions 200
[debug] [2026-03-30T19:02:03.565Z] <<< [apiv2][body] POST https://firebasehosting.googleapis.com/v1beta1/projects/-/sites/matchmysize/versions {"name":"projects/728513895003/sites/matchmysize/versions/77432d5efdcc6033","status":"CREATED","config":{},"labels":{"deployment-tool":"cli-firebase"}}
[info] i  hosting[matchmysize]: beginning deploy... 
[info] i  hosting[matchmysize]: found 16 files in dist 
[debug] [2026-03-30T19:02:03.577Z] [hosting] uploading with 200 concurrency
[debug] [2026-03-30T19:02:03.663Z] Checked if tokens are valid: true, expires at: 1774900040095
[debug] [2026-03-30T19:02:03.663Z] Checked if tokens are valid: true, expires at: 1774900040095
[debug] [2026-03-30T19:02:03.664Z] [hosting] hash cache [ZGlzdA] stored for 16 files
[debug] [2026-03-30T19:02:03.664Z] [hosting][hash queue][FINAL] {"max":69,"min":7,"avg":16.0625,"active":0,"complete":16,"success":16,"errored":0,"retried":0,"total":16,"elapsed":73}
[debug] [2026-03-30T19:02:03.665Z] >>> [apiv2][query] POST https://firebasehosting.googleapis.com/v1beta1/projects/728513895003/sites/matchmysize/versions/77432d5efdcc6033:populateFiles [none]
[debug] [2026-03-30T19:02:03.665Z] >>> [apiv2][body] POST https://firebasehosting.googleapis.com/v1beta1/projects/728513895003/sites/matchmysize/versions/77432d5efdcc6033:populateFiles {"files":{"/index.html":"757f84aab853f27be1ab293781f9415afa500120fc9e31c3d9f1cafe47b96804","/assets/spring-and-summer-BcBAglN9.png":"fe05185d8e1ebbea2bcd2cfd842b4f2f3027d45d61da2c7f27ed313ad5946875","/assets/tommy-hilfiger-BiF1E3PQ.png":"db52d3cf72c736f4ced33c69f3eebf7a481bf93b9f5f9276b42c82f39555bbd1","/assets/puma-tw1u345S.png":"00d93d9950b87893defb45d7b59e5615b34e5f084602bdf49ecc543b92938a05","/assets/playstore-CQz_5fuv.png":"826346d0a867a29ed9ee056dae0dae43bc60f581e342df3f9e7fa590eec3d0d9","/assets/index-D1s4fgJo.css":"5c7903c9f687e5a99cf7102cdeb483feec75b7aacd3954908efc7ed39666d661","/assets/pull-and-bear-Dp9OYm_G.png":"c43ef725972eba25893d463a8d475f888a52e86644a188bc5a687e79b94b94b5","/assets/appstore-3IYE42--.png":"31f3017c2ba6d746a656a2d31fd26b79acb1ebd8f9cbcd35c8a6f23323e75198","/assets/levis-5B_wpXis.png":"84caec3f13dfd095be10726692f50fec1d1724c9c734bde7d2e7a2488797997e","/assets/zara-CQ-rL3WY.png":"6a6cb37e9a5f54b84e6fd10f6bc3224297b1657e1fb5b3bf8ee37d0955e0468d","/assets/adidas-BccRqVre.png":"068db4f3ea385ad218b3996e0241e1c6d4cccb27c2dbc8b15a460b360f363e96","/assets/h-and-m-BE_3s8sK.png":"c34b16a50465fbd8b80b2103e28be952cd6402fb595b62a44ceee88b453a5caa","/assets/m-and-s-j4mOUrnM.jpg":"e475380b8036aeda67d73c96f5e4f5826f2f249e941bf30c8ad6ac22fd581d0e","/assets/index-ENAcwBK7.js":"dc92a8570e3212dbc3ce1deb37738c228206439651a68fd1818234a401027805","/assets/splash-CF2kOKm3.mp4":"cd0b6588bb82d83309eb167e8335d8bea7458f9d22f637641318668adc50496c","/assets/icon-B1BqdWZ0.png":"81e079f829692e25d1beaa5937336db1abe5e91722ccec12c3311d18b2307937"}}
[debug] [2026-03-30T19:02:06.692Z] <<< [apiv2][status] POST https://firebasehosting.googleapis.com/v1beta1/projects/728513895003/sites/matchmysize/versions/77432d5efdcc6033:populateFiles 200
[debug] [2026-03-30T19:02:06.692Z] <<< [apiv2][body] POST https://firebasehosting.googleapis.com/v1beta1/projects/728513895003/sites/matchmysize/versions/77432d5efdcc6033:populateFiles {"uploadUrl":"https://upload-firebasehosting.googleapis.com/upload/sites/matchmysize/versions/77432d5efdcc6033/files"}
[debug] [2026-03-30T19:02:06.692Z] [hosting][populate queue][FINAL] {"max":3029,"min":3029,"avg":3029,"active":0,"complete":1,"success":1,"errored":0,"retried":0,"total":1,"elapsed":3029}
[debug] [2026-03-30T19:02:06.692Z] [hosting] uploads queued: 0
[debug] [2026-03-30T19:02:06.692Z] [hosting][upload queue][FINAL] {"max":0,"min":9999999999,"avg":0,"active":0,"complete":0,"success":0,"errored":0,"retried":0,"total":0,"elapsed":1774897326692}
[info] +  hosting[matchmysize]: file upload complete 
[debug] [2026-03-30T19:02:06.693Z] [hosting] deploy completed after 3126ms
[debug] [2026-03-30T19:02:06.694Z] [
  {
    "config": {
      "public": "dist",
      "ignore": [
        "firebase.json",
        "**/.*",
        "**/node_modules/**"
      ],
      "rewrites": [
        {
          "source": "/api/**",
          "run": {
            "serviceId": "matchmysize-api",
            "region": "us-central1",
            "pinTag": true
          }
        },
        {
          "source": "**",
          "destination": "/index.html"
        }
      ],
      "site": "matchmysize"
    },
    "version": "projects/728513895003/sites/matchmysize/versions/77432d5efdcc6033"
  }
]
[info] i  hosting[matchmysize]: finalizing version... 
[debug] [2026-03-30T19:02:06.695Z] Checked if tokens are valid: true, expires at: 1774900040095
[debug] [2026-03-30T19:02:06.695Z] Checked if tokens are valid: true, expires at: 1774900040095
[debug] [2026-03-30T19:02:06.695Z] >>> [apiv2][query] GET https://cloudfunctions.googleapis.com/v1/projects/matchmysize/locations/-/functions [none]
[debug] [2026-03-30T19:02:12.514Z] <<< [apiv2][status] GET https://cloudfunctions.googleapis.com/v1/projects/matchmysize/locations/-/functions 403
[debug] [2026-03-30T19:02:12.514Z] <<< [apiv2][body] GET https://cloudfunctions.googleapis.com/v1/projects/matchmysize/locations/-/functions {"error":{"code":403,"message":"Permission denied: Consumer 'projects/matchmysize' has been suspended.","status":"PERMISSION_DENIED","details":[{"@type":"type.googleapis.com/google.rpc.ErrorInfo","reason":"CONSUMER_SUSPENDED","domain":"googleapis.com","metadata":{"containerInfo":"projects/matchmysize","service":"cloudfunctions","consumer":"projects/728513895003"}},{"@type":"type.googleapis.com/google.rpc.LocalizedMessage","locale":"en-US","message":"Permission denied: Consumer 'projects/matchmysize' has been suspended."}]}}
[debug] [2026-03-30T19:02:12.514Z] [functions] failed to list functions for matchmysize
[debug] [2026-03-30T19:02:12.514Z] [functions] Request to https://cloudfunctions.googleapis.com/v1/projects/matchmysize/locations/-/functions had HTTP Error: 403, Permission denied: Consumer 'projects/matchmysize' has been suspended.
[debug] [2026-03-30T19:02:12.514Z] Deploying hosting site matchmysize, did not have permissions to check for backends:  Failed to list functions for matchmysize {"name":"FirebaseError","children":[],"exit":1,"message":"Failed to list functions for matchmysize","original":{"name":"FirebaseError","children":[],"context":{"body":{"error":{"code":403,"message":"Permission denied: Consumer 'projects/matchmysize' has been suspended.","status":"PERMISSION_DENIED","details":[{"@type":"type.googleapis.com/google.rpc.ErrorInfo","reason":"CONSUMER_SUSPENDED","domain":"googleapis.com","metadata":{"containerInfo":"projects/matchmysize","service":"cloudfunctions","consumer":"projects/728513895003"}},{"@type":"type.googleapis.com/google.rpc.LocalizedMessage","locale":"en-US","message":"Permission denied: Consumer 'projects/matchmysize' has been suspended."}]}},"response":{"statusCode":403}},"exit":1,"message":"Request to https://cloudfunctions.googleapis.com/v1/projects/matchmysize/locations/-/functions had HTTP Error: 403, Permission denied: Consumer 'projects/matchmysize' has been suspended.","status":403},"status":403}
[debug] [2026-03-30T19:02:12.515Z] Checked if tokens are valid: true, expires at: 1774900040095
[debug] [2026-03-30T19:02:12.515Z] Checked if tokens are valid: true, expires at: 1774900040095
[debug] [2026-03-30T19:02:12.515Z] >>> [apiv2][query] GET https://run.googleapis.com/v1/projects/matchmysize/locations/us-central1/services/matchmysize-api [none]
[debug] [2026-03-30T19:02:34.528Z] <<< [apiv2][status] GET https://run.googleapis.com/v1/projects/matchmysize/locations/us-central1/services/matchmysize-api 403
[debug] [2026-03-30T19:02:34.528Z] <<< [apiv2][body] GET https://run.googleapis.com/v1/projects/matchmysize/locations/us-central1/services/matchmysize-api {"error":{"code":403,"message":"Permission denied: Consumer 'projects/matchmysize' has been suspended.","status":"PERMISSION_DENIED","details":[{"@type":"type.googleapis.com/google.rpc.ErrorInfo","reason":"CONSUMER_SUSPENDED","domain":"googleapis.com","metadata":{"containerInfo":"projects/matchmysize","consumer":"projects/728513895003","service":"run.googleapis.com"}},{"@type":"type.googleapis.com/google.rpc.LocalizedMessage","locale":"en-US","message":"Permission denied: Consumer 'projects/matchmysize' has been suspended."}]}}
[debug] [2026-03-30T19:02:39.535Z] Error: Timed out.
    at Timeout._onTimeout (C:\Users\ASUS\AppData\Local\nvm\v25.2.1\node_modules\firebase-tools\lib\utils.js:308:49)
    at listOnTimeout (node:internal/timers:605:17)
    at process.processTimers (node:internal/timers:541:7)
[error] 
[error] Error: An unexpected error has occurred.
[debug] [2026-03-30T19:10:34.219Z] ----------------------------------------------------------------------
[debug] [2026-03-30T19:10:34.222Z] Command:       C:\nvm4w\nodejs\node.exe C:\nvm4w\nodejs\node_modules\firebase-tools\lib\bin\firebase.js use
[debug] [2026-03-30T19:10:34.223Z] CLI Version:   15.11.0
[debug] [2026-03-30T19:10:34.223Z] Platform:      win32
[debug] [2026-03-30T19:10:34.223Z] Node Version:  v25.2.1
[debug] [2026-03-30T19:10:34.223Z] Time:          Tue Mar 31 2026 00:40:34 GMT+0530 (India Standard Time)
[debug] [2026-03-30T19:10:34.223Z] ----------------------------------------------------------------------
[debug] 
[debug] [2026-03-30T19:10:34.455Z] > command requires scopes: ["email","openid","https://www.googleapis.com/auth/cloudplatformprojects.readonly","https://www.googleapis.com/auth/firebase","https://www.googleapis.com/auth/cloud-platform"]
[debug] [2026-03-30T19:10:34.456Z] > authorizing via signed-in user (tradexsoftwaresolution@gmail.com)
[info] matchmysize
[debug] [2026-03-30T19:16:08.913Z] ----------------------------------------------------------------------
[debug] [2026-03-30T19:16:08.916Z] Command:       C:\nvm4w\nodejs\node.exe C:\nvm4w\nodejs\node_modules\firebase-tools\lib\bin\firebase.js use matchmysizesl-85836
[debug] [2026-03-30T19:16:08.916Z] CLI Version:   15.11.0
[debug] [2026-03-30T19:16:08.916Z] Platform:      win32
[debug] [2026-03-30T19:16:08.916Z] Node Version:  v25.2.1
[debug] [2026-03-30T19:16:08.916Z] Time:          Tue Mar 31 2026 00:46:08 GMT+0530 (India Standard Time)
[debug] [2026-03-30T19:16:08.916Z] ----------------------------------------------------------------------
[debug] 
[debug] [2026-03-30T19:16:09.158Z] > command requires scopes: ["email","openid","https://www.googleapis.com/auth/cloudplatformprojects.readonly","https://www.googleapis.com/auth/firebase","https://www.googleapis.com/auth/cloud-platform"]
[debug] [2026-03-30T19:16:09.159Z] > authorizing via signed-in user (tradexsoftwaresolution@gmail.com)
[debug] [2026-03-30T19:16:09.161Z] Checked if tokens are valid: true, expires at: 1774900040095
[debug] [2026-03-30T19:16:09.161Z] Checked if tokens are valid: true, expires at: 1774900040095
[debug] [2026-03-30T19:16:09.162Z] >>> [apiv2][query] GET https://serviceusage.googleapis.com/v1/projects/matchmysizesl-85836/services/cloudresourcemanager.googleapis.com [none]
[debug] [2026-03-30T19:16:09.162Z] >>> [apiv2][(partial)header] GET https://serviceusage.googleapis.com/v1/projects/matchmysizesl-85836/services/cloudresourcemanager.googleapis.com  x-goog-user-project=matchmysizesl-85836
[debug] [2026-03-30T19:16:11.799Z] <<< [apiv2][status] GET https://serviceusage.googleapis.com/v1/projects/matchmysizesl-85836/services/cloudresourcemanager.googleapis.com 200
[debug] [2026-03-30T19:16:11.799Z] <<< [apiv2][body] GET https://serviceusage.googleapis.com/v1/projects/matchmysizesl-85836/services/cloudresourcemanager.googleapis.com [omitted]
[debug] [2026-03-30T19:16:11.804Z] Checked if tokens are valid: true, expires at: 1774900040095
[debug] [2026-03-30T19:16:11.805Z] Checked if tokens are valid: true, expires at: 1774900040095
[debug] [2026-03-30T19:16:11.805Z] >>> [apiv2][query] GET https://cloudresourcemanager.googleapis.com/v1/projects/matchmysizesl-85836 [none]
[debug] [2026-03-30T19:16:13.533Z] <<< [apiv2][status] GET https://cloudresourcemanager.googleapis.com/v1/projects/matchmysizesl-85836 200
[debug] [2026-03-30T19:16:13.534Z] <<< [apiv2][body] GET https://cloudresourcemanager.googleapis.com/v1/projects/matchmysizesl-85836 {"projectNumber":"938550702484","projectId":"matchmysizesl-85836","lifecycleState":"ACTIVE","name":"MatchmysizeSL","labels":{"firebase":"enabled","firebase-core":"disabled"},"createTime":"2026-03-30T09:12:25.837Z"}
[info] Now using project matchmysizesl-85836
[debug] [2026-03-30T19:18:21.049Z] ----------------------------------------------------------------------
[debug] [2026-03-30T19:18:21.051Z] Command:       C:\nvm4w\nodejs\node.exe C:\nvm4w\nodejs\node_modules\firebase-tools\lib\bin\firebase.js projects:list
[debug] [2026-03-30T19:18:21.052Z] CLI Version:   15.11.0
[debug] [2026-03-30T19:18:21.052Z] Platform:      win32
[debug] [2026-03-30T19:18:21.052Z] Node Version:  v25.2.1
[debug] [2026-03-30T19:18:21.052Z] Time:          Tue Mar 31 2026 00:48:21 GMT+0530 (India Standard Time)
[debug] [2026-03-30T19:18:21.052Z] ----------------------------------------------------------------------
[debug] 
[debug] [2026-03-30T19:18:21.283Z] > command requires scopes: ["email","openid","https://www.googleapis.com/auth/cloudplatformprojects.readonly","https://www.googleapis.com/auth/firebase","https://www.googleapis.com/auth/cloud-platform"]
[debug] [2026-03-30T19:18:21.284Z] > authorizing via signed-in user (tradexsoftwaresolution@gmail.com)
[debug] [2026-03-30T19:18:21.287Z] Checked if tokens are valid: true, expires at: 1774900040095
[debug] [2026-03-30T19:18:21.287Z] Checked if tokens are valid: true, expires at: 1774900040095
[debug] [2026-03-30T19:18:21.289Z] >>> [apiv2][query] GET https://firebase.googleapis.com/v1beta1/projects pageSize=1000
[debug] [2026-03-30T19:18:22.656Z] <<< [apiv2][status] GET https://firebase.googleapis.com/v1beta1/projects 200
[debug] [2026-03-30T19:18:22.656Z] <<< [apiv2][body] GET https://firebase.googleapis.com/v1beta1/projects [omitted]
[info] ┌──────────────────────┬───────────────────────────────┬────────────────┬──────────────────────┐
│ Project Display Name │ Project ID                    │ Project Number │ Resource Location ID │
├──────────────────────┼───────────────────────────────┼────────────────┼──────────────────────┤
│ MatchMySize          │ matchmysize                   │ 728513895003   │ [Not specified]      │
├──────────────────────┼───────────────────────────────┼────────────────┼──────────────────────┤
│ MatchMySize          │ matchmysize-491718            │ 438748844197   │ [Not specified]      │
├──────────────────────┼───────────────────────────────┼────────────────┼──────────────────────┤
│ MatchmysizeSL        │ matchmysizesl-85836 (current) │ 938550702484   │ [Not specified]      │
└──────────────────────┴───────────────────────────────┴────────────────┴──────────────────────┘
[info] 
[info] 3 project(s) total.
[debug] [2026-03-30T19:25:23.418Z] ----------------------------------------------------------------------
[debug] [2026-03-30T19:25:23.421Z] Command:       C:\nvm4w\nodejs\node.exe C:\nvm4w\nodejs\node_modules\firebase-tools\lib\bin\firebase.js use
[debug] [2026-03-30T19:25:23.421Z] CLI Version:   15.11.0
[debug] [2026-03-30T19:25:23.421Z] Platform:      win32
[debug] [2026-03-30T19:25:23.421Z] Node Version:  v25.2.1
[debug] [2026-03-30T19:25:23.421Z] Time:          Tue Mar 31 2026 00:55:23 GMT+0530 (India Standard Time)
[debug] [2026-03-30T19:25:23.421Z] ----------------------------------------------------------------------
[debug] 
[debug] [2026-03-30T19:25:23.612Z] > command requires scopes: ["email","openid","https://www.googleapis.com/auth/cloudplatformprojects.readonly","https://www.googleapis.com/auth/firebase","https://www.googleapis.com/auth/cloud-platform"]
[debug] [2026-03-30T19:25:23.613Z] > authorizing via signed-in user (tradexsoftwaresolution@gmail.com)
[info] matchmysizesl-85836
[debug] [2026-03-30T19:33:58.551Z] ----------------------------------------------------------------------
[debug] [2026-03-30T19:33:58.553Z] Command:       C:\nvm4w\nodejs\node.exe C:\nvm4w\nodejs\node_modules\firebase-tools\lib\bin\firebase.js deploy --project matchmysizesl-85836 --only hosting
[debug] [2026-03-30T19:33:58.554Z] CLI Version:   15.11.0
[debug] [2026-03-30T19:33:58.554Z] Platform:      win32
[debug] [2026-03-30T19:33:58.554Z] Node Version:  v25.2.1
[debug] [2026-03-30T19:33:58.554Z] Time:          Tue Mar 31 2026 01:03:58 GMT+0530 (India Standard Time)
[debug] [2026-03-30T19:33:58.554Z] ----------------------------------------------------------------------
[debug] 
[debug] [2026-03-30T19:34:00.868Z] > command requires scopes: ["email","openid","https://www.googleapis.com/auth/cloudplatformprojects.readonly","https://www.googleapis.com/auth/firebase","https://www.googleapis.com/auth/cloud-platform"]
[debug] [2026-03-30T19:34:00.868Z] > authorizing via signed-in user (tradexsoftwaresolution@gmail.com)
[debug] [2026-03-30T19:34:00.869Z] [iam] checking project matchmysizesl-85836 for permissions ["firebase.projects.get","firebasehosting.sites.update"]
[debug] [2026-03-30T19:34:00.870Z] Checked if tokens are valid: false, expires at: 1774900040095
[debug] [2026-03-30T19:34:00.870Z] Checked if tokens are valid: false, expires at: 1774900040095
[debug] [2026-03-30T19:34:00.870Z] > refreshing access token with scopes: []
[debug] [2026-03-30T19:34:00.872Z] >>> [apiv2][query] POST https://www.googleapis.com/oauth2/v3/token [none]
[debug] [2026-03-30T19:34:00.872Z] >>> [apiv2][body] POST https://www.googleapis.com/oauth2/v3/token [omitted]
[debug] [2026-03-30T19:34:01.888Z] <<< [apiv2][status] POST https://www.googleapis.com/oauth2/v3/token 200
[debug] [2026-03-30T19:34:01.888Z] <<< [apiv2][body] POST https://www.googleapis.com/oauth2/v3/token [omitted]
[debug] [2026-03-30T19:34:01.914Z] >>> [apiv2][query] POST https://cloudresourcemanager.googleapis.com/v1/projects/matchmysizesl-85836:testIamPermissions [none]
[debug] [2026-03-30T19:34:01.914Z] >>> [apiv2][(partial)header] POST https://cloudresourcemanager.googleapis.com/v1/projects/matchmysizesl-85836:testIamPermissions  x-goog-user-project=matchmysizesl-85836
[debug] [2026-03-30T19:34:01.914Z] >>> [apiv2][body] POST https://cloudresourcemanager.googleapis.com/v1/projects/matchmysizesl-85836:testIamPermissions {"permissions":["firebase.projects.get","firebasehosting.sites.update"]}
[debug] [2026-03-30T19:34:03.894Z] <<< [apiv2][status] POST https://cloudresourcemanager.googleapis.com/v1/projects/matchmysizesl-85836:testIamPermissions 200
[debug] [2026-03-30T19:34:03.894Z] <<< [apiv2][body] POST https://cloudresourcemanager.googleapis.com/v1/projects/matchmysizesl-85836:testIamPermissions {"permissions":["firebase.projects.get","firebasehosting.sites.update"]}
[debug] [2026-03-30T19:34:03.894Z] Checked if tokens are valid: true, expires at: 1774902840888
[debug] [2026-03-30T19:34:03.895Z] Checked if tokens are valid: true, expires at: 1774902840888
[debug] [2026-03-30T19:34:03.895Z] >>> [apiv2][query] GET https://firebase.googleapis.com/v1beta1/projects/matchmysizesl-85836 [none]
[debug] [2026-03-30T19:34:05.173Z] <<< [apiv2][status] GET https://firebase.googleapis.com/v1beta1/projects/matchmysizesl-85836 200
[debug] [2026-03-30T19:34:05.173Z] <<< [apiv2][body] GET https://firebase.googleapis.com/v1beta1/projects/matchmysizesl-85836 {"projectId":"matchmysizesl-85836","projectNumber":"938550702484","displayName":"MatchmysizeSL","name":"projects/matchmysizesl-85836","resources":{"hostingSite":"matchmysizesl-85836"},"state":"ACTIVE","etag":"1_7415f0af-ab23-4ce6-9a26-e73828eed52e"}
[info] 
[info] === Deploying to 'matchmysizesl-85836'...
[info] 
[info] i  deploying hosting 
[info] i  hosting: The site matchmysizesl-85836 will pin rewrites to the current latest revision of service(s) matchmysize-api 
[debug] [2026-03-30T19:34:05.178Z] Checked if tokens are valid: true, expires at: 1774902840888
[debug] [2026-03-30T19:34:05.179Z] Checked if tokens are valid: true, expires at: 1774902840888
[debug] [2026-03-30T19:34:05.179Z] >>> [apiv2][query] POST https://firebasehosting.googleapis.com/v1beta1/projects/-/sites/matchmysizesl-85836/versions [none]
[debug] [2026-03-30T19:34:05.179Z] >>> [apiv2][body] POST https://firebasehosting.googleapis.com/v1beta1/projects/-/sites/matchmysizesl-85836/versions {"status":"CREATED","labels":{"deployment-tool":"cli-firebase"}}
[debug] [2026-03-30T19:34:07.390Z] <<< [apiv2][status] POST https://firebasehosting.googleapis.com/v1beta1/projects/-/sites/matchmysizesl-85836/versions 200
[debug] [2026-03-30T19:34:07.390Z] <<< [apiv2][body] POST https://firebasehosting.googleapis.com/v1beta1/projects/-/sites/matchmysizesl-85836/versions {"name":"projects/938550702484/sites/matchmysizesl-85836/versions/e1b383bc2233bd5f","status":"CREATED","config":{},"labels":{"deployment-tool":"cli-firebase"}}
[info] i  hosting[matchmysizesl-85836]: beginning deploy... 
[info] i  hosting[matchmysizesl-85836]: found 16 files in dist 
[debug] [2026-03-30T19:34:07.403Z] [hosting] uploading with 200 concurrency
[debug] [2026-03-30T19:34:07.479Z] Checked if tokens are valid: true, expires at: 1774902840888
[debug] [2026-03-30T19:34:07.479Z] Checked if tokens are valid: true, expires at: 1774902840888
[debug] [2026-03-30T19:34:07.480Z] [hosting] hash cache [ZGlzdA] stored for 16 files
[debug] [2026-03-30T19:34:07.480Z] [hosting][hash queue][FINAL] {"max":71,"min":7,"avg":16.9375,"active":0,"complete":16,"success":16,"errored":0,"retried":0,"total":16,"elapsed":74}
[debug] [2026-03-30T19:34:07.481Z] >>> [apiv2][query] POST https://firebasehosting.googleapis.com/v1beta1/projects/938550702484/sites/matchmysizesl-85836/versions/e1b383bc2233bd5f:populateFiles [none]
[debug] [2026-03-30T19:34:07.481Z] >>> [apiv2][body] POST https://firebasehosting.googleapis.com/v1beta1/projects/938550702484/sites/matchmysizesl-85836/versions/e1b383bc2233bd5f:populateFiles {"files":{"/index.html":"600256301a814c0c7b755c472b20401c3fb982050bb78e7ea7e44d9be715b0cf","/assets/tommy-hilfiger-BiF1E3PQ.png":"db52d3cf72c736f4ced33c69f3eebf7a481bf93b9f5f9276b42c82f39555bbd1","/assets/puma-tw1u345S.png":"00d93d9950b87893defb45d7b59e5615b34e5f084602bdf49ecc543b92938a05","/assets/spring-and-summer-BcBAglN9.png":"fe05185d8e1ebbea2bcd2cfd842b4f2f3027d45d61da2c7f27ed313ad5946875","/assets/playstore-CQz_5fuv.png":"826346d0a867a29ed9ee056dae0dae43bc60f581e342df3f9e7fa590eec3d0d9","/assets/index-D1s4fgJo.css":"5c7903c9f687e5a99cf7102cdeb483feec75b7aacd3954908efc7ed39666d661","/assets/pull-and-bear-Dp9OYm_G.png":"c43ef725972eba25893d463a8d475f888a52e86644a188bc5a687e79b94b94b5","/assets/appstore-3IYE42--.png":"31f3017c2ba6d746a656a2d31fd26b79acb1ebd8f9cbcd35c8a6f23323e75198","/assets/levis-5B_wpXis.png":"84caec3f13dfd095be10726692f50fec1d1724c9c734bde7d2e7a2488797997e","/assets/zara-CQ-rL3WY.png":"6a6cb37e9a5f54b84e6fd10f6bc3224297b1657e1fb5b3bf8ee37d0955e0468d","/assets/adidas-BccRqVre.png":"068db4f3ea385ad218b3996e0241e1c6d4cccb27c2dbc8b15a460b360f363e96","/assets/h-and-m-BE_3s8sK.png":"c34b16a50465fbd8b80b2103e28be952cd6402fb595b62a44ceee88b453a5caa","/assets/m-and-s-j4mOUrnM.jpg":"e475380b8036aeda67d73c96f5e4f5826f2f249e941bf30c8ad6ac22fd581d0e","/assets/index-lgJHGBwn.js":"4a1e0c8bfa4c8af40894ac560f327bd21e269a2a8e346c50e26cfe520eeb6117","/assets/splash-CF2kOKm3.mp4":"cd0b6588bb82d83309eb167e8335d8bea7458f9d22f637641318668adc50496c","/assets/icon-B1BqdWZ0.png":"81e079f829692e25d1beaa5937336db1abe5e91722ccec12c3311d18b2307937"}}
[debug] [2026-03-30T19:34:08.178Z] <<< [apiv2][status] POST https://firebasehosting.googleapis.com/v1beta1/projects/938550702484/sites/matchmysizesl-85836/versions/e1b383bc2233bd5f:populateFiles 200
[debug] [2026-03-30T19:34:08.178Z] <<< [apiv2][body] POST https://firebasehosting.googleapis.com/v1beta1/projects/938550702484/sites/matchmysizesl-85836/versions/e1b383bc2233bd5f:populateFiles {"uploadRequiredHashes":["84caec3f13dfd095be10726692f50fec1d1724c9c734bde7d2e7a2488797997e","826346d0a867a29ed9ee056dae0dae43bc60f581e342df3f9e7fa590eec3d0d9","068db4f3ea385ad218b3996e0241e1c6d4cccb27c2dbc8b15a460b360f363e96","c34b16a50465fbd8b80b2103e28be952cd6402fb595b62a44ceee88b453a5caa","31f3017c2ba6d746a656a2d31fd26b79acb1ebd8f9cbcd35c8a6f23323e75198","5c7903c9f687e5a99cf7102cdeb483feec75b7aacd3954908efc7ed39666d661","db52d3cf72c736f4ced33c69f3eebf7a481bf93b9f5f9276b42c82f39555bbd1","00d93d9950b87893defb45d7b59e5615b34e5f084602bdf49ecc543b92938a05","4a1e0c8bfa4c8af40894ac560f327bd21e269a2a8e346c50e26cfe520eeb6117","c43ef725972eba25893d463a8d475f888a52e86644a188bc5a687e79b94b94b5","81e079f829692e25d1beaa5937336db1abe5e91722ccec12c3311d18b2307937","cd0b6588bb82d83309eb167e8335d8bea7458f9d22f637641318668adc50496c","600256301a814c0c7b755c472b20401c3fb982050bb78e7ea7e44d9be715b0cf","e475380b8036aeda67d73c96f5e4f5826f2f249e941bf30c8ad6ac22fd581d0e","6a6cb37e9a5f54b84e6fd10f6bc3224297b1657e1fb5b3bf8ee37d0955e0468d","fe05185d8e1ebbea2bcd2cfd842b4f2f3027d45d61da2c7f27ed313ad5946875"],"uploadUrl":"https://upload-firebasehosting.googleapis.com/upload/sites/matchmysizesl-85836/versions/e1b383bc2233bd5f/files"}
[debug] [2026-03-30T19:34:08.179Z] Checked if tokens are valid: true, expires at: 1774902840888
[debug] [2026-03-30T19:34:08.179Z] Checked if tokens are valid: true, expires at: 1774902840888
[debug] [2026-03-30T19:34:08.179Z] Checked if tokens are valid: true, expires at: 1774902840888
[debug] [2026-03-30T19:34:08.179Z] Checked if tokens are valid: true, expires at: 1774902840888
[debug] [2026-03-30T19:34:08.179Z] Checked if tokens are valid: true, expires at: 1774902840888
[debug] [2026-03-30T19:34:08.179Z] Checked if tokens are valid: true, expires at: 1774902840888
[debug] [2026-03-30T19:34:08.180Z] Checked if tokens are valid: true, expires at: 1774902840888
[debug] [2026-03-30T19:34:08.180Z] Checked if tokens are valid: true, expires at: 1774902840888
[debug] [2026-03-30T19:34:08.180Z] Checked if tokens are valid: true, expires at: 1774902840888
[debug] [2026-03-30T19:34:08.180Z] Checked if tokens are valid: true, expires at: 1774902840888
[debug] [2026-03-30T19:34:08.180Z] Checked if tokens are valid: true, expires at: 1774902840888
[debug] [2026-03-30T19:34:08.180Z] Checked if tokens are valid: true, expires at: 1774902840888
[debug] [2026-03-30T19:34:08.180Z] Checked if tokens are valid: true, expires at: 1774902840888
[debug] [2026-03-30T19:34:08.180Z] Checked if tokens are valid: true, expires at: 1774902840888
[debug] [2026-03-30T19:34:08.180Z] Checked if tokens are valid: true, expires at: 1774902840888
[debug] [2026-03-30T19:34:08.180Z] Checked if tokens are valid: true, expires at: 1774902840888
[debug] [2026-03-30T19:34:08.180Z] Checked if tokens are valid: true, expires at: 1774902840888
[debug] [2026-03-30T19:34:08.180Z] Checked if tokens are valid: true, expires at: 1774902840888
[debug] [2026-03-30T19:34:08.181Z] Checked if tokens are valid: true, expires at: 1774902840888
[debug] [2026-03-30T19:34:08.181Z] Checked if tokens are valid: true, expires at: 1774902840888
[debug] [2026-03-30T19:34:08.181Z] Checked if tokens are valid: true, expires at: 1774902840888
[debug] [2026-03-30T19:34:08.181Z] Checked if tokens are valid: true, expires at: 1774902840888
[debug] [2026-03-30T19:34:08.181Z] Checked if tokens are valid: true, expires at: 1774902840888
[debug] [2026-03-30T19:34:08.181Z] Checked if tokens are valid: true, expires at: 1774902840888
[debug] [2026-03-30T19:34:08.181Z] Checked if tokens are valid: true, expires at: 1774902840888
[debug] [2026-03-30T19:34:08.181Z] Checked if tokens are valid: true, expires at: 1774902840888
[debug] [2026-03-30T19:34:08.181Z] Checked if tokens are valid: true, expires at: 1774902840888
[debug] [2026-03-30T19:34:08.181Z] Checked if tokens are valid: true, expires at: 1774902840888
[debug] [2026-03-30T19:34:08.182Z] Checked if tokens are valid: true, expires at: 1774902840888
[debug] [2026-03-30T19:34:08.182Z] Checked if tokens are valid: true, expires at: 1774902840888
[debug] [2026-03-30T19:34:08.182Z] Checked if tokens are valid: true, expires at: 1774902840888
[debug] [2026-03-30T19:34:08.182Z] Checked if tokens are valid: true, expires at: 1774902840888
[debug] [2026-03-30T19:34:08.182Z] >>> [apiv2][query] POST https://upload-firebasehosting.googleapis.com/upload/sites/matchmysizesl-85836/versions/e1b383bc2233bd5f/files/84caec3f13dfd095be10726692f50fec1d1724c9c734bde7d2e7a2488797997e [none]
[debug] [2026-03-30T19:34:08.182Z] >>> [apiv2][body] POST https://upload-firebasehosting.googleapis.com/upload/sites/matchmysizesl-85836/versions/e1b383bc2233bd5f/files/84caec3f13dfd095be10726692f50fec1d1724c9c734bde7d2e7a2488797997e [stream]
[debug] [2026-03-30T19:34:08.183Z] >>> [apiv2][query] POST https://upload-firebasehosting.googleapis.com/upload/sites/matchmysizesl-85836/versions/e1b383bc2233bd5f/files/826346d0a867a29ed9ee056dae0dae43bc60f581e342df3f9e7fa590eec3d0d9 [none]
[debug] [2026-03-30T19:34:08.183Z] >>> [apiv2][body] POST https://upload-firebasehosting.googleapis.com/upload/sites/matchmysizesl-85836/versions/e1b383bc2233bd5f/files/826346d0a867a29ed9ee056dae0dae43bc60f581e342df3f9e7fa590eec3d0d9 [stream]
[debug] [2026-03-30T19:34:08.184Z] >>> [apiv2][query] POST https://upload-firebasehosting.googleapis.com/upload/sites/matchmysizesl-85836/versions/e1b383bc2233bd5f/files/068db4f3ea385ad218b3996e0241e1c6d4cccb27c2dbc8b15a460b360f363e96 [none]
[debug] [2026-03-30T19:34:08.184Z] >>> [apiv2][body] POST https://upload-firebasehosting.googleapis.com/upload/sites/matchmysizesl-85836/versions/e1b383bc2233bd5f/files/068db4f3ea385ad218b3996e0241e1c6d4cccb27c2dbc8b15a460b360f363e96 [stream]
[debug] [2026-03-30T19:34:08.185Z] >>> [apiv2][query] POST https://upload-firebasehosting.googleapis.com/upload/sites/matchmysizesl-85836/versions/e1b383bc2233bd5f/files/c34b16a50465fbd8b80b2103e28be952cd6402fb595b62a44ceee88b453a5caa [none]
[debug] [2026-03-30T19:34:08.185Z] >>> [apiv2][body] POST https://upload-firebasehosting.googleapis.com/upload/sites/matchmysizesl-85836/versions/e1b383bc2233bd5f/files/c34b16a50465fbd8b80b2103e28be952cd6402fb595b62a44ceee88b453a5caa [stream]
[debug] [2026-03-30T19:34:08.186Z] >>> [apiv2][query] POST https://upload-firebasehosting.googleapis.com/upload/sites/matchmysizesl-85836/versions/e1b383bc2233bd5f/files/31f3017c2ba6d746a656a2d31fd26b79acb1ebd8f9cbcd35c8a6f23323e75198 [none]
[debug] [2026-03-30T19:34:08.186Z] >>> [apiv2][body] POST https://upload-firebasehosting.googleapis.com/upload/sites/matchmysizesl-85836/versions/e1b383bc2233bd5f/files/31f3017c2ba6d746a656a2d31fd26b79acb1ebd8f9cbcd35c8a6f23323e75198 [stream]
[debug] [2026-03-30T19:34:08.187Z] >>> [apiv2][query] POST https://upload-firebasehosting.googleapis.com/upload/sites/matchmysizesl-85836/versions/e1b383bc2233bd5f/files/5c7903c9f687e5a99cf7102cdeb483feec75b7aacd3954908efc7ed39666d661 [none]
[debug] [2026-03-30T19:34:08.187Z] >>> [apiv2][body] POST https://upload-firebasehosting.googleapis.com/upload/sites/matchmysizesl-85836/versions/e1b383bc2233bd5f/files/5c7903c9f687e5a99cf7102cdeb483feec75b7aacd3954908efc7ed39666d661 [stream]
[debug] [2026-03-30T19:34:08.188Z] >>> [apiv2][query] POST https://upload-firebasehosting.googleapis.com/upload/sites/matchmysizesl-85836/versions/e1b383bc2233bd5f/files/db52d3cf72c736f4ced33c69f3eebf7a481bf93b9f5f9276b42c82f39555bbd1 [none]
[debug] [2026-03-30T19:34:08.188Z] >>> [apiv2][body] POST https://upload-firebasehosting.googleapis.com/upload/sites/matchmysizesl-85836/versions/e1b383bc2233bd5f/files/db52d3cf72c736f4ced33c69f3eebf7a481bf93b9f5f9276b42c82f39555bbd1 [stream]
[debug] [2026-03-30T19:34:08.188Z] >>> [apiv2][query] POST https://upload-firebasehosting.googleapis.com/upload/sites/matchmysizesl-85836/versions/e1b383bc2233bd5f/files/00d93d9950b87893defb45d7b59e5615b34e5f084602bdf49ecc543b92938a05 [none]
[debug] [2026-03-30T19:34:08.188Z] >>> [apiv2][body] POST https://upload-firebasehosting.googleapis.com/upload/sites/matchmysizesl-85836/versions/e1b383bc2233bd5f/files/00d93d9950b87893defb45d7b59e5615b34e5f084602bdf49ecc543b92938a05 [stream]
[debug] [2026-03-30T19:34:08.189Z] >>> [apiv2][query] POST https://upload-firebasehosting.googleapis.com/upload/sites/matchmysizesl-85836/versions/e1b383bc2233bd5f/files/4a1e0c8bfa4c8af40894ac560f327bd21e269a2a8e346c50e26cfe520eeb6117 [none]
[debug] [2026-03-30T19:34:08.189Z] >>> [apiv2][body] POST https://upload-firebasehosting.googleapis.com/upload/sites/matchmysizesl-85836/versions/e1b383bc2233bd5f/files/4a1e0c8bfa4c8af40894ac560f327bd21e269a2a8e346c50e26cfe520eeb6117 [stream]
[debug] [2026-03-30T19:34:08.190Z] >>> [apiv2][query] POST https://upload-firebasehosting.googleapis.com/upload/sites/matchmysizesl-85836/versions/e1b383bc2233bd5f/files/c43ef725972eba25893d463a8d475f888a52e86644a188bc5a687e79b94b94b5 [none]
[debug] [2026-03-30T19:34:08.190Z] >>> [apiv2][body] POST https://upload-firebasehosting.googleapis.com/upload/sites/matchmysizesl-85836/versions/e1b383bc2233bd5f/files/c43ef725972eba25893d463a8d475f888a52e86644a188bc5a687e79b94b94b5 [stream]
[debug] [2026-03-30T19:34:08.191Z] >>> [apiv2][query] POST https://upload-firebasehosting.googleapis.com/upload/sites/matchmysizesl-85836/versions/e1b383bc2233bd5f/files/81e079f829692e25d1beaa5937336db1abe5e91722ccec12c3311d18b2307937 [none]
[debug] [2026-03-30T19:34:08.191Z] >>> [apiv2][body] POST https://upload-firebasehosting.googleapis.com/upload/sites/matchmysizesl-85836/versions/e1b383bc2233bd5f/files/81e079f829692e25d1beaa5937336db1abe5e91722ccec12c3311d18b2307937 [stream]
[debug] [2026-03-30T19:34:08.191Z] >>> [apiv2][query] POST https://upload-firebasehosting.googleapis.com/upload/sites/matchmysizesl-85836/versions/e1b383bc2233bd5f/files/cd0b6588bb82d83309eb167e8335d8bea7458f9d22f637641318668adc50496c [none]
[debug] [2026-03-30T19:34:08.191Z] >>> [apiv2][body] POST https://upload-firebasehosting.googleapis.com/upload/sites/matchmysizesl-85836/versions/e1b383bc2233bd5f/files/cd0b6588bb82d83309eb167e8335d8bea7458f9d22f637641318668adc50496c [stream]
[debug] [2026-03-30T19:34:08.192Z] >>> [apiv2][query] POST https://upload-firebasehosting.googleapis.com/upload/sites/matchmysizesl-85836/versions/e1b383bc2233bd5f/files/600256301a814c0c7b755c472b20401c3fb982050bb78e7ea7e44d9be715b0cf [none]
[debug] [2026-03-30T19:34:08.192Z] >>> [apiv2][body] POST https://upload-firebasehosting.googleapis.com/upload/sites/matchmysizesl-85836/versions/e1b383bc2233bd5f/files/600256301a814c0c7b755c472b20401c3fb982050bb78e7ea7e44d9be715b0cf [stream]
[debug] [2026-03-30T19:34:08.192Z] >>> [apiv2][query] POST https://upload-firebasehosting.googleapis.com/upload/sites/matchmysizesl-85836/versions/e1b383bc2233bd5f/files/e475380b8036aeda67d73c96f5e4f5826f2f249e941bf30c8ad6ac22fd581d0e [none]
[debug] [2026-03-30T19:34:08.192Z] >>> [apiv2][body] POST https://upload-firebasehosting.googleapis.com/upload/sites/matchmysizesl-85836/versions/e1b383bc2233bd5f/files/e475380b8036aeda67d73c96f5e4f5826f2f249e941bf30c8ad6ac22fd581d0e [stream]
[debug] [2026-03-30T19:34:08.193Z] >>> [apiv2][query] POST https://upload-firebasehosting.googleapis.com/upload/sites/matchmysizesl-85836/versions/e1b383bc2233bd5f/files/6a6cb37e9a5f54b84e6fd10f6bc3224297b1657e1fb5b3bf8ee37d0955e0468d [none]
[debug] [2026-03-30T19:34:08.194Z] >>> [apiv2][body] POST https://upload-firebasehosting.googleapis.com/upload/sites/matchmysizesl-85836/versions/e1b383bc2233bd5f/files/6a6cb37e9a5f54b84e6fd10f6bc3224297b1657e1fb5b3bf8ee37d0955e0468d [stream]
[debug] [2026-03-30T19:34:08.195Z] >>> [apiv2][query] POST https://upload-firebasehosting.googleapis.com/upload/sites/matchmysizesl-85836/versions/e1b383bc2233bd5f/files/fe05185d8e1ebbea2bcd2cfd842b4f2f3027d45d61da2c7f27ed313ad5946875 [none]
[debug] [2026-03-30T19:34:08.195Z] >>> [apiv2][body] POST https://upload-firebasehosting.googleapis.com/upload/sites/matchmysizesl-85836/versions/e1b383bc2233bd5f/files/fe05185d8e1ebbea2bcd2cfd842b4f2f3027d45d61da2c7f27ed313ad5946875 [stream]
[debug] [2026-03-30T19:34:08.196Z] [hosting][populate queue][FINAL] {"max":703,"min":703,"avg":703,"active":0,"complete":1,"success":1,"errored":0,"retried":0,"total":1,"elapsed":717}
[debug] [2026-03-30T19:34:08.196Z] [hosting] uploads queued: 16
[debug] [2026-03-30T19:34:10.389Z] <<< [apiv2][status] POST https://upload-firebasehosting.googleapis.com/upload/sites/matchmysizesl-85836/versions/e1b383bc2233bd5f/files/00d93d9950b87893defb45d7b59e5615b34e5f084602bdf49ecc543b92938a05 200
[debug] [2026-03-30T19:34:10.390Z] <<< [apiv2][body] POST https://upload-firebasehosting.googleapis.com/upload/sites/matchmysizesl-85836/versions/e1b383bc2233bd5f/files/00d93d9950b87893defb45d7b59e5615b34e5f084602bdf49ecc543b92938a05 [stream]
[debug] [2026-03-30T19:34:11.442Z] <<< [apiv2][status] POST https://upload-firebasehosting.googleapis.com/upload/sites/matchmysizesl-85836/versions/e1b383bc2233bd5f/files/5c7903c9f687e5a99cf7102cdeb483feec75b7aacd3954908efc7ed39666d661 200
[debug] [2026-03-30T19:34:11.443Z] <<< [apiv2][body] POST https://upload-firebasehosting.googleapis.com/upload/sites/matchmysizesl-85836/versions/e1b383bc2233bd5f/files/5c7903c9f687e5a99cf7102cdeb483feec75b7aacd3954908efc7ed39666d661 [stream]
[debug] [2026-03-30T19:34:11.489Z] <<< [apiv2][status] POST https://upload-firebasehosting.googleapis.com/upload/sites/matchmysizesl-85836/versions/e1b383bc2233bd5f/files/fe05185d8e1ebbea2bcd2cfd842b4f2f3027d45d61da2c7f27ed313ad5946875 200
[debug] [2026-03-30T19:34:11.489Z] <<< [apiv2][body] POST https://upload-firebasehosting.googleapis.com/upload/sites/matchmysizesl-85836/versions/e1b383bc2233bd5f/files/fe05185d8e1ebbea2bcd2cfd842b4f2f3027d45d61da2c7f27ed313ad5946875 [stream]
[debug] [2026-03-30T19:34:11.710Z] <<< [apiv2][status] POST https://upload-firebasehosting.googleapis.com/upload/sites/matchmysizesl-85836/versions/e1b383bc2233bd5f/files/31f3017c2ba6d746a656a2d31fd26b79acb1ebd8f9cbcd35c8a6f23323e75198 200
[debug] [2026-03-30T19:34:11.710Z] <<< [apiv2][body] POST https://upload-firebasehosting.googleapis.com/upload/sites/matchmysizesl-85836/versions/e1b383bc2233bd5f/files/31f3017c2ba6d746a656a2d31fd26b79acb1ebd8f9cbcd35c8a6f23323e75198 [stream]
[debug] [2026-03-30T19:34:11.910Z] <<< [apiv2][status] POST https://upload-firebasehosting.googleapis.com/upload/sites/matchmysizesl-85836/versions/e1b383bc2233bd5f/files/600256301a814c0c7b755c472b20401c3fb982050bb78e7ea7e44d9be715b0cf 200
[debug] [2026-03-30T19:34:11.910Z] <<< [apiv2][body] POST https://upload-firebasehosting.googleapis.com/upload/sites/matchmysizesl-85836/versions/e1b383bc2233bd5f/files/600256301a814c0c7b755c472b20401c3fb982050bb78e7ea7e44d9be715b0cf [stream]
[debug] [2026-03-30T19:34:12.211Z] <<< [apiv2][status] POST https://upload-firebasehosting.googleapis.com/upload/sites/matchmysizesl-85836/versions/e1b383bc2233bd5f/files/84caec3f13dfd095be10726692f50fec1d1724c9c734bde7d2e7a2488797997e 200
[debug] [2026-03-30T19:34:12.211Z] <<< [apiv2][body] POST https://upload-firebasehosting.googleapis.com/upload/sites/matchmysizesl-85836/versions/e1b383bc2233bd5f/files/84caec3f13dfd095be10726692f50fec1d1724c9c734bde7d2e7a2488797997e [stream]
[debug] [2026-03-30T19:34:12.838Z] <<< [apiv2][status] POST https://upload-firebasehosting.googleapis.com/upload/sites/matchmysizesl-85836/versions/e1b383bc2233bd5f/files/db52d3cf72c736f4ced33c69f3eebf7a481bf93b9f5f9276b42c82f39555bbd1 200
[debug] [2026-03-30T19:34:12.839Z] <<< [apiv2][body] POST https://upload-firebasehosting.googleapis.com/upload/sites/matchmysizesl-85836/versions/e1b383bc2233bd5f/files/db52d3cf72c736f4ced33c69f3eebf7a481bf93b9f5f9276b42c82f39555bbd1 [stream]
[debug] [2026-03-30T19:34:12.883Z] <<< [apiv2][status] POST https://upload-firebasehosting.googleapis.com/upload/sites/matchmysizesl-85836/versions/e1b383bc2233bd5f/files/826346d0a867a29ed9ee056dae0dae43bc60f581e342df3f9e7fa590eec3d0d9 200
[debug] [2026-03-30T19:34:12.884Z] <<< [apiv2][body] POST https://upload-firebasehosting.googleapis.com/upload/sites/matchmysizesl-85836/versions/e1b383bc2233bd5f/files/826346d0a867a29ed9ee056dae0dae43bc60f581e342df3f9e7fa590eec3d0d9 [stream]
[debug] [2026-03-30T19:34:14.148Z] <<< [apiv2][status] POST https://upload-firebasehosting.googleapis.com/upload/sites/matchmysizesl-85836/versions/e1b383bc2233bd5f/files/c34b16a50465fbd8b80b2103e28be952cd6402fb595b62a44ceee88b453a5caa 200
[debug] [2026-03-30T19:34:14.148Z] <<< [apiv2][body] POST https://upload-firebasehosting.googleapis.com/upload/sites/matchmysizesl-85836/versions/e1b383bc2233bd5f/files/c34b16a50465fbd8b80b2103e28be952cd6402fb595b62a44ceee88b453a5caa [stream]
[debug] [2026-03-30T19:34:14.173Z] <<< [apiv2][status] POST https://upload-firebasehosting.googleapis.com/upload/sites/matchmysizesl-85836/versions/e1b383bc2233bd5f/files/068db4f3ea385ad218b3996e0241e1c6d4cccb27c2dbc8b15a460b360f363e96 200
[debug] [2026-03-30T19:34:14.173Z] <<< [apiv2][body] POST https://upload-firebasehosting.googleapis.com/upload/sites/matchmysizesl-85836/versions/e1b383bc2233bd5f/files/068db4f3ea385ad218b3996e0241e1c6d4cccb27c2dbc8b15a460b360f363e96 [stream]
[debug] [2026-03-30T19:34:15.473Z] <<< [apiv2][status] POST https://upload-firebasehosting.googleapis.com/upload/sites/matchmysizesl-85836/versions/e1b383bc2233bd5f/files/c43ef725972eba25893d463a8d475f888a52e86644a188bc5a687e79b94b94b5 200
[debug] [2026-03-30T19:34:15.473Z] <<< [apiv2][body] POST https://upload-firebasehosting.googleapis.com/upload/sites/matchmysizesl-85836/versions/e1b383bc2233bd5f/files/c43ef725972eba25893d463a8d475f888a52e86644a188bc5a687e79b94b94b5 [stream]
[debug] [2026-03-30T19:34:17.331Z] <<< [apiv2][status] POST https://upload-firebasehosting.googleapis.com/upload/sites/matchmysizesl-85836/versions/e1b383bc2233bd5f/files/6a6cb37e9a5f54b84e6fd10f6bc3224297b1657e1fb5b3bf8ee37d0955e0468d 200
[debug] [2026-03-30T19:34:17.332Z] <<< [apiv2][body] POST https://upload-firebasehosting.googleapis.com/upload/sites/matchmysizesl-85836/versions/e1b383bc2233bd5f/files/6a6cb37e9a5f54b84e6fd10f6bc3224297b1657e1fb5b3bf8ee37d0955e0468d [stream]
[debug] [2026-03-30T19:34:19.093Z] <<< [apiv2][status] POST https://upload-firebasehosting.googleapis.com/upload/sites/matchmysizesl-85836/versions/e1b383bc2233bd5f/files/e475380b8036aeda67d73c96f5e4f5826f2f249e941bf30c8ad6ac22fd581d0e 200
[debug] [2026-03-30T19:34:19.094Z] <<< [apiv2][body] POST https://upload-firebasehosting.googleapis.com/upload/sites/matchmysizesl-85836/versions/e1b383bc2233bd5f/files/e475380b8036aeda67d73c96f5e4f5826f2f249e941bf30c8ad6ac22fd581d0e [stream]
[debug] [2026-03-30T19:34:22.496Z] <<< [apiv2][status] POST https://upload-firebasehosting.googleapis.com/upload/sites/matchmysizesl-85836/versions/e1b383bc2233bd5f/files/4a1e0c8bfa4c8af40894ac560f327bd21e269a2a8e346c50e26cfe520eeb6117 200
[debug] [2026-03-30T19:34:22.496Z] <<< [apiv2][body] POST https://upload-firebasehosting.googleapis.com/upload/sites/matchmysizesl-85836/versions/e1b383bc2233bd5f/files/4a1e0c8bfa4c8af40894ac560f327bd21e269a2a8e346c50e26cfe520eeb6117 [stream]
[debug] [2026-03-30T19:34:38.597Z] [uploadQueue] Retrying task cd0b6588bb82d83309eb167e8335d8bea7458f9d22f637641318668adc50496c
[debug] [2026-03-30T19:34:38.598Z] Checked if tokens are valid: true, expires at: 1774902840888
[debug] [2026-03-30T19:34:38.598Z] Checked if tokens are valid: true, expires at: 1774902840888
[debug] [2026-03-30T19:34:38.598Z] >>> [apiv2][query] POST https://upload-firebasehosting.googleapis.com/upload/sites/matchmysizesl-85836/versions/e1b383bc2233bd5f/files/cd0b6588bb82d83309eb167e8335d8bea7458f9d22f637641318668adc50496c [none]
[debug] [2026-03-30T19:34:38.598Z] >>> [apiv2][body] POST https://upload-firebasehosting.googleapis.com/upload/sites/matchmysizesl-85836/versions/e1b383bc2233bd5f/files/cd0b6588bb82d83309eb167e8335d8bea7458f9d22f637641318668adc50496c [stream]
[debug] [2026-03-30T19:34:58.148Z] [uploadQueue] Retrying task 81e079f829692e25d1beaa5937336db1abe5e91722ccec12c3311d18b2307937
[debug] [2026-03-30T19:34:58.149Z] Checked if tokens are valid: true, expires at: 1774902840888
[debug] [2026-03-30T19:34:58.149Z] Checked if tokens are valid: true, expires at: 1774902840888
[debug] [2026-03-30T19:34:58.149Z] >>> [apiv2][query] POST https://upload-firebasehosting.googleapis.com/upload/sites/matchmysizesl-85836/versions/e1b383bc2233bd5f/files/81e079f829692e25d1beaa5937336db1abe5e91722ccec12c3311d18b2307937 [none]
[debug] [2026-03-30T19:34:58.149Z] >>> [apiv2][body] POST https://upload-firebasehosting.googleapis.com/upload/sites/matchmysizesl-85836/versions/e1b383bc2233bd5f/files/81e079f829692e25d1beaa5937336db1abe5e91722ccec12c3311d18b2307937 [stream]
[debug] [2026-03-30T19:35:08.603Z] *** [apiv2] error from fetch(https://upload-firebasehosting.googleapis.com/upload/sites/matchmysizesl-85836/versions/e1b383bc2233bd5f/files/cd0b6588bb82d83309eb167e8335d8bea7458f9d22f637641318668adc50496c, {"headers":{},"method":"POST","signal":{"reason":""},"body":{"_writeState":{"0":2418,"1":0},"_events":{},"_readableState":{"highWaterMark":16384,"buffer":[],"bufferIndex":0,"length":0,"pipes":[],"awaitDrainWriters":null},"_writableState":{"highWaterMark":16384,"length":0,"corked":0,"writelen":0,"bufferedIndex":0,"pendingcb":0},"allowHalfOpen":true,"_eventsCount":2,"bytesWritten":1407505,"_handle":null,"_outBuffer":{"type":"Buffer","data":[158,202,129,40,254,216,13,207,230,88,82,41,15,163,42,162,114,78,45,97,175,241,131,80,42,178,202,153,55,190,206,105,107,207,197,255,40,7,84,99,148,92,217,240,253,21,24,254,66,147,124,76,49,83,173,55,130,211,13,80,58,16,183,78,206,241,139,2,0,199,60,173,207,161,109,61,24,180,85,100,186,104,45,55,149,28,243,14,220,39,248,37,113,183,200,11,96,255,49,204,157,63,99,121,31,149,199,113,222,194,127,193,149,123,28,99,204,177,167,140,41,206,0,12,29,248,16,239,155,184,156,67,73,180,48,218,199,249,96,114,48,81,173,205,210,237,157,147,3,136,222,224,127,80,24,54,24,12,172,207,151,30,218,216,238,246,133,122,54,240,172,14,237,224,154,237,96,40,178,229,215,37,28,166,112,237,233,99,63,227,208,137,108,120,58,203,21,254,63,130,164,187,185,239,147,12,190,112,36,192,128,49,3,140,144,232,187,19,215,54,157,137,184,82,233,103,136,29,193,197,162,74,216,252,86,80,58,94,239,155,181,118,188,66,236,186,79,19,234,139,197,178,226,192,2,41,62,31,82,78,200,156,29,230,98,90,248,65,0,120,9,100,177,62,254,190,112,44,197,171,248,147,100,47,196,98,69,121,48,61,113,236,45,242,119,145,117,65,180,133,15,165,16,163,23,84,198,192,221,93,206,135,250,79,241,123,232,57,97,220,222,206,70,94,46,40,82,208,175,22,59,110,150,132,186,250,239,2,73,100,170,152,17,174,172,125,36,40,77,107,90,13,1,185,211,82,62,187,93,134,234,186,70,127,201,32,109,198,250,124,234,30,92,192,131,40,38,127,193,213,251,48,200,151,68,143,44,133,243,234,242,231,135,180,169,83,155,149,113,60,168,129,32,62,76,138,167,162,159,85,132,7,122,49,70,254,40,246,40,254,17,249,55,46,45,182,59,118,94,136,160,231,202,132,155,85,213,66,222,47,91,171,100,136,24,238,9,48,152,109,140,197,101,81,29,160,159,244,127,157,12,203,128,192,120,144,5,255,155,57,142,145,139,22,27,125,45,134,143,98,25,55,112,192,166,237,184,101,80,159,77,147,47,60,184,187,7,119,247,0,65,18,220,93,19,60,184,75,224,15,4,135,224,78,112,215,224,26,220,33,56,9,22,220,221,221,131,243,238,125,63,187,181,247,158,125,207,169,243,241,124,216,174,107,164,251,215,50,211,51,53,93,117,125,215,10,11,112,36,89,105,8,17,52,40,246,245,63,48,235,167,59,124,209,125,211,159,67,117,174,89,49,248,225,78,165,247,203,107,166,64,203,74,105,162,131,122,19,187,242,17,44,72,195,147,94,183,213,144,25,227,2,9,185,169,134,187,108,155,104,223,59,4,109,249,115,4,251,120,241,139,224,85,103,199,134,83,195,59,78,217,203,152,251,43,19,137,208,146,75,29,145,9,190,194,78,118,134,138,76,100,232,151,177,118,196,70,11,108,89,47,108,110,114,3,198,194,107,83,189,176,26,12,84,198,76,85,229,155,169,192,230,183,219,63,33,169,221,59,152,87,241,86,156,182,71,223,98,123,94,228,56,142,25,252,70,200,86,131,93,68,53,149,31,7,117,159,87,187,109,60,51,81,245,187,10,70,55,68,73,226,44,73,25,119,251,160,216,56,60,119,101,143,201,108,138,141,127,122,63,145,54,87,201,218,132,146,98,38,189,250,42,225,211,193,94,42,98,55,164,69,80,31,195,103,174,110,93,51,155,144,30,215,147,103,21,82,247,102,191,70,97,246,115,232,83,72,192,240,174,78,223,143,1,229,58,34,24,43,168,229,203,170,44,86,196,27,185,247,138,228,2,164,84,108,38,203,93,59,191,110,109,63,255,57,181,218,132,254,24,247,100,60,57,113,247,21,134,42,124,173,189,220,151,88,231,222,167,196,241,153,254,206,222,187,210,31,38,182,122,229,96,229,97,207,52,84,227,219,97,238,175,198,74,88,202,181,79,223,11,104,134,225,69,48,253,103,224,43,230,187,157,85,237,132,111,223,87,137,192,92,147,142,4,19,209,219,96,146,94,135,101,123,153,236,220,233,77,40,96,246,115,181,97,17,48,116,226,204,153,218,115,79,103,56,178,21,182,173,174,89,205,56,47,62,207,97,224,126,183,188,64,163,98,139,228,95,244,113,201,74,63,229,225,88,20,246,132,157,128,80,100,225,158,232,154,47,238,76,91,82,241,127,77,230,109,233,121,229,204,105,190,42,241,41,229,59,226,19,219,186,67,151,177,150,88,203,247,96,40,69,81,215,213,52,159,38,107,126,157,8,3,89,135,136,35,21,138,132,155,136,72,24,177,189,41,235,49,118,107,147,11,254,183,253,185,114,200,216,126,10,24,69,34,154,6,202,244,247,55,244,7,155,168,92,150,139,88,157,148,190,242,133,236,58,155,126,76,12,248,150,98,2,145,92,11,97,245,24,51,43,189,83,130,138,11,52,23,95,243,92,218,182,165,175,206,2,86,190,98,235,7,201,177,178,54,122,48,38,153,14,117,154,150,25,161,41,147,27,59,188,142,209,180,57,74,95,113,102,100,69,72,225,243,177,140,95,246,29,196,126,198,182,19,50,36,122,237,253,172,220,251,107,94,129,205,135,189,255,59,250,8,92,37,175,247,78,197,198,193,217,90,173,76,204,73,185,221,58,115,45,82,146,214,196,151,36,146,85,12,152,196,20,19,111,46,116,85,120,60,251,69,210,220,147,187,104,204,199,75,232,63,52,216,220,136,27,236,193,155,28,90,172,48,132,200,222,88,237,52,230,230,116,80,238,181,39,185,9,2,111,73,208,208,163,14,62,123,200,101,218,90,96,112,69,202,105,162,116,154,66,79,65,51,217,123,62,179,113,78,197,117,252,64,101,207,18,243,198,198,203,92,201,239,88,52,199,70,129,168,178,93,91,87,22,50,68,78,24,52,212,151,29,56,111,79,179,23,64,161,83,138,168,96,145,81,38,32,217,47,139,146,254,186,248,62,69,71,239,36,191,133,16,70,155,2,133,237,37,7,55,235,82,152,17,122,162,52,184,156,31,143,148,154,19,83,149,190,203,139,85,24,130,185,9,195,79,201,100,176,16,84,145,185,125,104,202,130,224,16,109,255,141,195,122,214,178,41,5,213,72,220,227,224,162,196,1,163,210,3,191,47,36,0,209,173,228,153,34,27,243,253,80,244,35,185,126,72,8,148,111,116,254,199,129,140,210,31,21,230,65,232,200,133,173,33,201,211,247,36,211,184,111,87,203,176,34,24,75,114,113,46,115,122,81,157,200,123,191,140,249,85,26,163,148,54,95,132,155,97,51,56,85,194,102,26,245,78,200,159,7,68,6,25,232,203,65,101,36,15,119,221,84,102,193,188,39,213,162,255,195,199,74,19,111,163,184,147,7,9,13,69,83,16,114,149,179,52,30,24,26,77,201,148,91,134,214,207,66,247,182,63,236,157,233,197,111,204,58,114,243,92,195,174,186,210,114,143,18,74,250,116,20,88,188,80,253,100,29,122,31,190,5,93,218,94,252,213,95,209,70,91,139,98,19,29,64,107,253,124,126,43,208,93,157,196,232,148,88,155,55,106,158,164,140,15,35,173,17,7,209,163,220,56,85,107,174,166,76,246,52,71,92,253,248,153,177,223,29,0,226,89,168,236,122,136,236,203,48,164,135,41,12,41,191,240,5,45,16,99,30,94,215,103,165,127,189,107,249,236,242,105,120,93,240,14,94,152,178,188,169,197,219,215,98,166,136,36,226,172,136,211,36,218,106,232,113,235,213,192,55,11,8,185,107,92,239,189,74,104,19,105,124,192,199,202,157,70,150,216,204,222,24,116,31,50,239,16,72,125,49,198,212,174,19,6,137,165,40,239,116,16,158,242,227,55,212,84,114,134,249,211,195,85,108,238,139,151,249,134,175,70,169,57,239,1,115,124,208,4,103,64,17,175,217,151,140,177,14,82,37,226,132,85,91,196,40,160,118,74,203,212,209,122,140,239,158,84,90,143,100,197,195,170,255,245,89,4,70,105,47,218,146,95,156,241,19,255,35,52,85,78,150,163,204,136,41,182,254,240,126,65,134,69,135,15,105,214,218,118,70,206,110,198,173,205,246,202,87,76,205,42,153,57,167,202,65,38,44,80,84,248,101,145,27,42,10,183,144,165,1,17,55,51,120,92,186,231,27,115,126,20,233,83,236,175,198,27,14,19,165,223,100,10,25,68,63,204,119,55,114,206,235,63,243,90,95,158,106,112,253,72,239,39,67,162,60,181,128,185,46,243,105,251,35,25,131,152,182,229,248,209,144,252,228,109,16,33,74,158,66,51,230,168,155,75,185,241,31,104,33,156,181,179,20,93,109,214,173,93,31,68,154,178,143,4,248,58,89,29,218,80,98,174,1,90,139,10,45,30,158,13,83,206,174,250,3,116,142,236,153,59,67,47,221,201,199,10,236,46,21,101,8,28,214,244,199,42,184,56,18,177,201,219,28,168,125,7,138,158,165,168,203,183,99,132,75,193,135,82,143,127,176,178,143,60,133,108,66,163,207,26,77,111,245,216,83,94,191,135,9,220,248,3,109,209,180,75,158,137,78,20,102,223,29,56,142,15,27,4,15,243,61,148,116,64,118,85,241,92,154,246,38,187,202,235,217,124,37,37,74,248,20,135,239,30,81,21,122,186,193,204,240,232,114,44,90,41,88,212,45,250,12,114,85,19,121,171,81,186,8,54,70,174,182,251,10,247,55,144,133,231,237,213,218,162,90,161,28,88,198,207,13,50,33,61,146,196,137,185,157,82,86,126,211,102,81,201,1,134,103,206,185,214,168,102,139,182,135,253,194,232,34,104,30,251,86,22,76,164,234,207,172,182,163,205,59,104,156,180,145,118,134,236,63,242,169,131,217,131,236,162,219,112,127,161,162,202,24,102,164,26,103,17,170,147,172,182,196,101,55,109,246,77,120,253,217,99,77,75,30,107,117,183,160,128,157,232,176,180,133,113,156,239,93,202,170,59,174,68,91,164,86,143,233,215,19,35,111,4,153,51,161,61,153,171,1,106,216,142,65,230,121,210,138,116,88,178,71,218,4,216,7,231,27,53,59,99,66,251,249,241,107,13,204,105,185,229,134,83,57,180,129,197,45,169,23,19,50,195,226,137,20,223,147,225,32,167,52,69,52,164,209,3,238,4,155,127,134,222,165,10,8,28,55,90,149,149,19,203,209,119,217,135,224,249,120,4,49,65,117,45,122,28,74,78,161,39,240,127,187,142,81,159,94,138,105,38,246,205,178,130,249,57,167,43,78,206,192,72,81,89,70,239,115,119,225,178,171,14,4,88,120,80,16,253,131,30,37,238,196,82,67,215,224,248,38,203,154,233,238,84,163,169,63,187,183,124,113,127,62,208,161,88,90,109,194,134,231,133,185,147,156,148,23,164,1,144,141,209,72,195,209,239,203,2,91,158,30,18,137,67,193,28,226,175,134,36,141,252,172,33,132,241,155,207,189,120,41,56,81,247,78,219,92,208,111,157,39,83,115,123,121,191,236,35,15,231,7,217,169,168,90,242,14,142,114,20,159,60,92,109,43,123,161,99,156,152,134,17,149,252,196,94,96,21,244,213,212,100,31,97,38,107,175,195,230,109,122,222,93,234,191,145,147,102,77,210,175,10,20,201,8,135,135,166,122,128,161,186,14,69,137,223,85,156,88,221,21,243,72,74,13,55,78,247,112,233,187,127,195,225,174,95,117,182,91,109,8,16,183,24,224,120,117,39,28,199,122,191,75,197,191,241,145,109,213,204,213,153,78,233,255,196,142,164,125,58,28,251,91,198,153,111,253,143,21,54,42,11,252,219,246,53,134,82,46,156,196,241,200,115,175,196,134,103,228,214,207,243,247,177,243,18,28,240,23,90,200,237,61,162,52,75,230,252,98,218,155,222,193,74,191,9,132,97,92,42,42,97,119,136,68,240,180,244,191,154,243,95,235,196,222,139,110,48,169,218,251,185,184,181,204,5,203,25,197,141,181,59,62,147,25,83,110,94,110,245,236,240,38,141,234,117,108,170,226,250,216,26,11,109,67,72,5,134,231,41,79,112,163,232,12,238,96,156,203,122,137,253,63,23,4,32,109,89,205,179,246,52,197,235,189,142,55,81,225,11,250,35,227,236,91,117,69,235,11,163,61,128,134,161,246,82,209,247,29,145,90,58,97,54,193,151,86,83,72,152,196,169,3,197,243,170,93,233,148,198,243,51,80,176,185,40,208,28,125,19,112,44,164,226,219,205,31,21,74,134,82,210,61,226,56,239,249,117,152,98,116,176,148,49,202,221,52,202,239,206,83,166,34,179,239,177,145,80,200,217,91,233,103,224,119,217,82,146,141,135,150,180,151,144,181,218,196,54,216,5,163,90,53,137,189,200,42,100,225,74,136,57,201,242,122,21,92,56,44,219,79,60,58,53,92,236,221,153,85,75,107,30,16,25,196,53,200,84,173,55,125,199,103,197,239,105,238,40,227,180,164,237,139,134,190,247,64,84,74,250,85,112,103,65,246,57,58,154,160,196,38,7,89,167,55,93,127,98,78,208,220,237,3,197,31,183,45,251,43,182,72,104,157,111,46,230,223,120,18,191,253,177,71,106,136,144,140,23,214,55,217,99,123,229,183,136,201,137,255,53,197,92,186,227,100,125,104,218,220,94,37,69,95,77,198,100,161,166,179,14,146,195,155,170,188,181,108,253,67,98,170,137,43,72,151,86,208,66,51,79,92,177,178,59,41,87,16,161,105,154,37,246,252,82,201,35,48,129,238,101,171,37,187,4,204,30,122,96,142,250,235,9,77,66,149,110,221,185,253,166,174,132,234,86,21,95,160,181,34,121,41,100,141,15,137,37,80,206,130,27,226,234,178,221,239,88,32,134,77,121,252,201,140,200,246,99,46,23,6,158,244,133,196,102,28,58,131,129,91,53,37,108,138,147,130,146,61,203,45,9,82,180,32,196,160,54,116,130,225,48,40,38,156,41,14,59,143,178,161,204,247,195,9,97,69,215,12,139,135,170,40,17,253,250,46,246,50,212,126,226,148,178,42,167,47,178,100,60,93,153,57,184,234,118,64,118,233,58,74,199,67,175,55,78,208,145,130,169,5,225,3,231,138,213,39,105,6,188,119,132,28,112,254,231,71,9,58,140,235,108,140,234,51,216,211,252,182,239,218,7,251,102,156,210,116,243,94,73,192,186,164,118,202,9,35,228,79,143,82,74,172,188,41,209,23,183,195,26,44,174,61,132,55,55,191,30,98,224,99,152,141,193,63,21,213,109,240,247,146,239,199,205,14,130,33,20,214,174,33,116,146,97,55,200,64,85,125,178,20,58,29,187,177,230,90,59,55,160,14,213,67,176,69,163,247,53,96,84,13,71,214,43,142,23,63,12,16,205,12,159,241,176,176,88,11,124,168,229,146,245,53,73,9,16,19,145,133,118,107,64,183,67,114,19,179,242,133,25,210,220,9,221,212,92,85,188,17,118,254,73,0,125,73,61,133,6,63,165,123,146,222,247,46,6,81,177,110,122,10,239,158,156,253,171,91,165,142,245,162,165,35,150,8,4,242,204,162,22,221,237,161,246,241,94,173,101,94,55,13,247,206,95,49,183,66,237,241,107,96,195,227,16,249,77,97,180,66,154,197,174,20,10,62,62,170,170,82,43,161,187,148,207,178,166,205,9,89,31,204,171,137,137,69,157,142,238,253,33,202,9,23,164,235,116,69,218,225,150,139,6,232,169,27,72,128,193,141,112,95,225,14,90,250,195,111,215,135,80,60,17,217,76,53,236,192,16,56,135,146,206,244,210,7,249,254,254,67,95,67,12,117,114,150,244,166,208,24,117,132,228,196,185,47,82,223,121,158,140,132,79,62,22,84,125,19,189,253,209,178,192,157,252,6,53,182,118,71,2,126,150,235,140,208,234,151,132,159,108,139,68,161,108,35,188,92,169,80,53,19,43,179,60,86,2,139,178,198,219,82,215,88,3,158,23,241,134,197,12,57,216,121,202,164,241,202,11,210,218,100,60,23,142,112,138,120,100,171,180,134,78,165,157,180,34,75,97,121,173,10,190,104,255,225,101,88,214,205,68,210,153,59,74,231,117,150,67,136,184,135,158,192,88,196,209,227,251,221,251,118,52,134,46,165,52,167,14,156,51,184,15,47,111,149,166,253,188,241,238,36,21,211,114,226,155,245,239,188,88,17,9,161,18,151,130,171,89,93,30,44,196,168,207,178,177,141,105,62,239,15,140,10,100,103,35,6,132,52,50,202,134,188,205,94,125,155,210,92,155,220,29,68,14,155,38,151,155,192,254,132,245,194,53,166,169,141,179,38,53,106,58,249,27,138,247,93,26,191,193,194,93,248,229,15,197,214,55,9,218,61,62,155,24,47,235,204,195,175,39,219,168,63,17,199,106,194,69,36,40,93,143,171,246,225,19,28,248,60,22,157,76,54,51,54,58,162,246,83,242,210,247,163,100,183,37,61,17,155,70,124,145,51,233,68,234,159,223,94,45,199,175,76,60,164,170,76,99,40,90,110,231,95,18,34,10,213,255,165,18,204,231,124,123,149,158,108,145,109,112,73,9,11,78,35,150,16,64,167,117,72,254,130,153,231,203,136,97,186,248,104,53,249,148,108,103,207,252,23,87,194,103,23,196,56,135,43,162,232,161,97,31,169,219,25,42,247,10,151,89,190,217,199,35,24,130,30,231,252,253,207,215,252,76,60,147,53,36,215,200,144,233,209,6,156,121,177,187,158,89,36,90,2,238,225,140,52,61,14,77,15,171,235,42,206,22,170,236,24,225,188,130,198,194,54,108,77,233,121,226,135,239,82,179,87,170,50,89,27,58,199,201,116,36,106,102,79,238,243,173,218,76,247,116,252,184,90,153,23,95,177,68,132,58,217,34,223,214,218,247,200,197,230,63,212,77,29,20,156,76,195,20,162,17,209,72,181,251,5,151,234,194,248,248,155,200,176,245,214,41,135,54,255,96,23,190,132,118,224,39,158,170,186,131,158,79,126,148,95,109,117,59,121,242,77,76,251,156,62,103,64,150,35,209,228,38,24,76,128,251,165,209,106,101,245,56,194,207,23,91,150,67,195,221,102,217,176,118,153,89,30,93,173,245,89,243,253,87,131,154,99,182,250,156,167,212,17,203,102,103,182,104,178,27,116,22,134,41,237,243,107,67,139,87,24,19,16,56,137,159,123,60,22,121,159,145,123,106,140,71,116,71,39,124,116,59,110,207,81,42,5,22,226,186,72,105,172,182,232,84,95,36,120,2,162,116,152,248,28,232,92,231,31,249,219,163,81,118,120,119,102,251,58,53,122,202,250,45,230,215,93,146,249,91,133,176,250,244,248,164,184,22,108,136,18,114,135,220,210,183,125,201,101,167,111,168,170,119,210,232,204,19,244,27,22,19,190,191,170,10,206,174,74,46,253,233,41,152,10,189,85,121,105,207,45,99,100,68,61,191,100,116,255,213,132,14,179,56,249,29,74,229,20,252,39,210,72,87,4,73,204,190,213,79,253,114,248,244,107,71,86,125,184,163,171,149,20,235,171,110,52,65,39,48,207,240,79,111,178,189,69,252,39,82,0,241,31,101,193,126,7,207,254,122,181,252,197,103,47,120,105,172,244,226,94,166,173,4,252,233,82,246,7,211,104,190,123,38,14,133,137,116,7,191,55,208,70,124,79,6,145,104,189,91,33,13,242,234,55,191,122,95,123,88,147,238,187,209,34,94,59,137,59,108,13,231,182,102,52,244,7,24,58,97,240,125,196,222,143,250,40,26,199,24,31,239,134,22,178,197,174,77,122,245,74,134,44,198,0,215,57,250,23,204,186,126,43,234,121,186,63,2,62,135,216,167,234,177,55,90,94,42,119,46,135,193,84,92,204,62,28,42,8,35,187,197,149,130,247,216,16,187,142,0,118,159,209,112,179,11,70,76,183,109,89,230,173,200,143,2,164,29,226,152,91,96,87,54,164,7,222,40,255,12,70,54,182,197,29,189,10,170,134,116,110,170,117,199,181,209,198,109,155,207,198,180,124,82,166,97,251,12,241,219,81,192,153,142,141,111,94,159,174,147,253,22,197,212,187,206,202,114,191,116,249,39,244,112,55,214,3,129,152,25,61,248,185,81,235,64,165,131,189,171,170,140,125,60,63,179,138,116,215,139,98,201,246,209,170,210,61,17,178,151,167,58,216,207,194,209,175,57,141,45,248,17,209,47,174,186,165,19,211,13,63,207,125,120,209,207,65,141,80,15,220,150,36,79,168,36,93,90,61,32,97,245,141,116,27,27,127,208,244,12,229,66,60,247,121,184,31,229,143,100,201,38,36,57,121,161,251,120,5,85,81,220,54,56,134,176,151,242,74,253,169,14,47,78,225,216,142,233,156,179,253,187,149,234,114,7,188,53,165,89,53,139,168,138,55,146,202,193,116,99,182,163,189,70,133,134,85,7,231,174,199,66,26,9,52,158,221,234,200,226,151,247,213,241,161,227,46,253,5,80,81,37,227,93,222,227,53,106,197,48,135,72,252,26,188,247,49,48,232,242,144,121,238,96,69,173,175,84,175,190,30,32,132,9,156,96,115,210,126,255,205,61,122,254,186,255,173,77,3,1,142,188,255,171,174,122,191,26,138,87,81,85,33,216,8,178,35,232,99,177,188,120,215,241,179,7,185,94,109,241,199,2,116,12,135,88,175,225,103,55,77,103,40,109,230,69,229,164,38,244,61,81,82,170,243,9,43,206,46,105,201,179,127,201,220,126,100,92,154,240,181,23,255,20,234,25,137,126,5,205,44,202,110,42,211,141,232,248,251,247,175,220,164,6,15,54,116,218,2,9,181,239,21,27,107,181,221,177,238,50,199,167,57,114,23,63,11,120,195,81,162,108,62,154,237,72,155,149,186,127,123,173,204,134,211,198,173,60,252,73,199,55,228,227,80,117,94,71,118,217,192,203,107,221,22,190,185,142,142,58,225,152,156,165,194,210,159,152,194,124,75,69,247,186,15,194,68,242,116,188,97,149,204,113,68,229,233,134,188,161,98,85,247,60,18,118,241,203,27,112,232,234,237,134,236,22,140,45,21,103,193,99,146,249,4,74,12,67,225,186,163,75,247,54,193,193,40,205,200,210,115,131,39,1,139,222,129,115,251,6,212,178,59,143,202,116,250,192,153,68,250,224,172,43,100,176,70,236,57,116,204,135,184,61,118,9,53,173,241,244,100,68,112,163,94,167,29,4,64,75,45,210,71,209,240,153,18,93,82,217,163,240,111,61,31,237,58,123,144,124,16,221,237,197,138,103,236,193,158,86,167,71,57,111,63,20,146,57,38,128,188,84,212,249,218,247,4,74,117,121,173,243,244,211,109,30,51,169,154,61,179,165,50,26,35,190,133,249,20,38,40,202,194,43,42,172,22,103,20,251,137,25,230,162,138,39,179,147,191,145,112,165,208,105,134,11,227,242,219,105,98,100,74,159,206,39,227,2,11,113,248,226,194,121,185,235,54,65,163,87,156,24,214,86,89,105,165,237,251,249,186,190,108,151,226,89,244,182,149,18,239,87,26,206,133,78,108,234,251,219,28,157,120,116,111,5,186,164,107,25,250,252,43,250,41,198,95,100,177,102,214,62,188,146,79,64,70,8,242,172,19,139,143,234,194,249,149,197,226,60,114,66,115,233,128,9,39,18,50,104,46,165,244,71,120,38,198,222,101,142,228,48,3,186,130,114,126,126,208,60,132,37,126,173,89,14,217,149,27,113,169,112,77,61,99,206,84,25,74,75,39,53,118,141,47,37,87,79,248,183,30,139,141,180,174,13,29,61,90,195,30,255,165,23,46,127,90,133,205,146,205,164,66,142,17,37,83,1,251,184,7,15,214,53,109,187,155,210,167,146,233,47,44,115,237,13,218,183,207,130,30,210,115,252,123,178,172,136,40,213,184,50,43,236,53,117,243,92,241,115,93,177,210,35,202,103,85,238,82,250,141,129,187,88,166,75,47,254,252,113,242,11,188,199,38,63,27,163,247,89,46,19,228,157,242,175,214,173,252,154,7,71,93,127,207,77,14,94,10,91,104,146,67,255,184,154,171,39,238,80,236,99,18,158,112,158,148,42,164,211,118,64,181,195,164,85,173,112,253,227,64,157,167,42,140,143,177,120,243,33,13,173,114,236,182,39,250,45,1,121,239,195,104,190,8,100,30,21,62,57,124,108,94,5,215,75,8,15,107,164,87,226,131,194,113,58,187,66,192,251,199,208,211,78,202,27,216,175,109,167,70,238,107,33,181,26,38,66,184,28,111,83,214,221,231,7,187,223,191,40,156,146,219,191,59,126,62,116,113,153,181,23,215,165,238,111,206,204,234,197,22,113,216,43,23,231,26,73,102,220,165,32,16,130,177,180,240,50,92,27,126,98,83,96,163,58,47,182,28,143,223,145,77,72,225,10,67,198,254,65,87,45,82,233,237,96,138,144,252,57,226,67,87,86,116,85,57,102,142,164,213,123,139,217,155,159,110,76,79,181,9,235,246,249,245,37,170,45,53,137,196,156,251,49,90,82,169,13,13,191,141,184,156,240,222,17,14,186,158,94,180,85,153,95,160,172,249,230,101,51,36,228,239,113,189,64,233,198,255,241,106,62,191,10,14,64,230,115,248,80,70,41,61,132,40,119,99,155,205,38,213,78,185,6,236,86,96,27,164,77,4,93,184,88,63,164,19,161,54,137,105,251,159,160,217,111,179,205,145,221,46,11,254,186,253,4,31,237,81,213,50,169,216,142,49,203,87,45,37,115,250,122,187,240,238,181,37,46,70,129,203,135,166,130,112,73,171,93,32,233,125,139,112,219,174,230,35,59,59,79,79,236,36,72,116,48,36,121,203,246,198,91,180,137,111,232,86,19,175,247,60,93,80,39,166,172,125,58,243,51,2,107,6,91,174,57,84,143,73,39,228,56,14,37,50,36,55,52,194,156,188,234,16,133,123,116,197,11,251,104,222,117,203,150,170,122,234,13,107,90,178,191,151,73,7,191,209,10,86,40,209,189,85,67,186,5,118,191,80,112,197,82,143,18,247,9,215,36,95,115,31,162,9,178,4,227,239,66,124,17,101,152,223,43,118,23,11,170,185,26,220,90,18,232,24,43,191,127,230,141,151,124,48,146,29,169,214,93,101,130,45,240,185,91,101,48,238,74,136,83,187,123,6,168,26,219,110,31,2,225,233,138,56,216,249,81,88,48,89,218,203,235,239,238,141,62,185,82,218,51,59,175,199,153,142,151,75,240,170,126,150,191,36,222,201,238,66,54,214,29,191,52,245,52,25,26,148,250,68,206,220,41,206,202,35,125,208,141,136,220,233,72,213,0,151,88,221,123,182,136,45,109,230,58,108,26,190,151,36,93,112,111,91,132,237,245,33,206,7,173,210,154,170,238,237,31,190,119,27,184,59,228,45,34,33,131,63,3,213,143,62,244,142,87,92,162,237,242,145,250,105,144,222,164,6,177,117,65,28,235,80,209,93,185,87,222,145,190,67,120,215,146,172,72,3,92,211,32,108,195,89,245,49,122,250,175,77,137,253,55,191,114,179,221,247,19,123,69,169,233,217,135,164,254,161,151,199,195,147,98,139,173,186,241,75,56,227,188,253,149,167,40,247,38,180,145,114,44,91,130,85,160,30,62,117,155,239,153,18,250,177,11,66,78,75,177,70,189,161,161,37,11,187,66,155,29,118,99,235,180,234,224,155,70,4,71,56,217,173,54,234,121,38,84,107,236,194,228,92,106,141,207,212,140,116,108,177,63,201,245,108,15,172,122,162,58,6,152,177,202,71,217,104,209,80,125,201,18,37,187,202,4,167,167,10,152,174,203,216,32,116,175,42,88,217,208,235,51,187,124,142,243,120,243,138,81,234,116,113,223,208,164,37,155,245,166,124,233,12,242,95,26,205,123,124,87,142,184,17,167,238,151,69,179,83,137,206,67,88,116,39,240,17,31,87,245,211,236,51,194,133,163,65,105,124,235,179,69,81,145,232,82,151,58,156,108,82,206,227,60,223,142,179,241,105,172,182,122,35,175,16,119,116,211,221,249,222,125,97,206,68,225,147,235,54,239,61,13,175,226,66,24,99,186,194,89,1,208,68,15,78,28,166,146,211,237,137,107,227,86,144,247,224,142,202,234,128,238,35,75,226,56,127,60,99,165,202,13,57,94,203,10,74,208,55,199,50,39,16,135,29,207,56,212,130,162,148,146,169,153,125,88,31,9,36,182,65,236,176,213,121,163,61,173,205,206,235,16,129,97,233,193,159,153,231,5,46,107,200,185,125,5,17,61,134,124,119,112,94,123,65,101,253,174,104,126,124,95,240,105,59,66,221,38,99,251,249,195,235,137,205,38,231,60,104,115,247,28,2,179,25,29,79,8,121,239,240,161,33,18,50,228,67,159,142,255,246,230,246,251,214,94,154,220,184,237,92,29,37,245,190,22,75,200,142,131,119,15,154,136,37,236,12,250,92,1,84,10,214,79,54,163,57,50,158,250,25,57,198,223,205,157,183,241,93,65,114,48,112,225,239,99,212,24,105,18,79,234,90,53,135,143,222,55,166,136,205,34,35,7,239,242,237,202,68,64,48,7,116,104,181,140,245,22,151,92,213,160,42,70,118,30,20,95,69,33,101,96,244,53,208,7,189,66,141,81,57,153,44,61,115,21,108,157,49,220,240,243,22,131,230,236,225,69,99,92,112,30,137,91,164,68,219,120,244,199,225,62,242,57,33,35,220,93,50,137,30,87,28,61,211,136,31,138,99,230,171,75,180,71,218,183,42,152,38,68,127,105,235,100,125,141,199,228,226,95,203,28,171,71,111,134,175,60,146,249,104,73,91,79,89,190,23,57,42,196,221,183,137,130,163,210,128,116,141,194,187,246,118,32,95,12,247,215,92,32,202,117,48,194,203,183,17,193,196,15,100,131,39,188,206,22,199,222,226,238,210,124,2,35,42,43,85,9,20,56,59,78,236,81,152,211,112,111,228,9,126,69,208,231,158,240,187,203,11,244,45,58,250,99,196,105,56,111,212,183,224,15,175,156,141,198,199,151,116,15,178,177,240,110,253,240,96,209,42,44,50,190,190,167,182,244,57,251,129,193,183,219,121,217,182,111,253,128,64,19,33,18,241,147,47,131,195,118,231,91,166,158,160,254,85,91,52,243,120,65,169,237,108,14,1,109,189,108,122,204,220,202,245,188,5,195,50,252,175,143,248,3,229,73,230,118,222,63,245,58,191,198,172,105,179,103,39,164,168,197,42,143,154,211,58,142,47,240,98,125,87,94,120,158,61,223,249,249,235,103,80,58,194,142,137,193,123,222,159,44,151,59,204,223,175,190,191,117,169,147,107,54,246,239,254,169,89,252,180,72,124,227,221,63,99,45,111,4,11,243,97,236,83,88,232,217,85,79,115,232,239,246,234,227,174,194,52,17,78,188,110,85,196,43,126,84,223,64,51,235,135,87,10,71,191,55,60,142,205,62,208,187,125,15,219,230,116,213,198,95,230,156,92,43,243,23,235,213,112,19,94,35,214,41,118,233,11,12,217,233,75,171,95,54,53,108,255,249,219,65,17,214,17,83,173,74,4,246,83,173,167,152,107,91,248,171,152,48,74,70,66,59,154,147,112,45,186,233,2,70,113,245,66,196,221,184,63,63,31,16,185,205,152,0,252,244,3,172,155,209,184,48,235,164,127,58,146,119,175,142,115,198,97,57,210,185,27,113,212,176,123,10,37,23,57,153,186,58,60,14,108,241,204,10,102,48,71,147,232,141,38,65,67,230,93,153,240,190,89,3,119,153,204,114,205,116,132,24,61,142,254,252,215,202,196,181,75,78,171,113,71,178,151,50,139,3,93,228,186,252,26,239,55,36,200,11,174,49,226,154,220,138,24,151,33,35,191,88,50,81,239,213,203,75,218,115,12,85,222,42,183,65,195,69,254,120,102,132,201,245,39,244,30,12,10,76,169,162,106,153,141,86,235,23,164,58,192,242,21,90,119,116,180,62,231,50,83,174,109,37,23,86,208,23,161,63,157,195,36,185,138,222,171,66,134,126,225,122,65,183,20,64,190,88,74,22,158,42,86,166,109,54,159,13,228,4,207,146,211,183,33,193,13,78,204,91,186,47,84,6,62,195,250,104,199,41,148,131,103,180,201,232,102,19,10,154,38,63,23,144,184,106,110,207,31,97,164,56,71,86,105,120,76,57,3,75,242,213,101,62,251,113,187,31,67,144,59,18,182,190,84,146,209,143,25,126,215,155,203,193,100,203,175,203,41,17,17,246,211,250,93,101,215,112,23,106,237,37,5,75,228,241,254,100,63,152,234,109,240,126,28,233,224,225,230,163,207,197,238,50,99,127,66,48,155,99,166,9,73,247,247,187,53,26,179,40,45,143,217,56,88,200,155,19,214,118,3,90,38,158,123,5,199,77,173,101,1,19,125,35,71,66,187,155,152,0,233,29,92,68,186,226,146,231,101,166,94,19,90,3,7,163,153,43,52,50,23,94,59,72,108,8,204,164,149,131,70,67,46,101,232,88,107,215,240,219,215,213,174,78,126,70,83,1,99,154,101,55,204,236,117,24,245,17,6,157,22,49,147,184,201,145,216,167,52,65,2,233,209,146,94,101,178,155,189,167,59,12,201,110,40,103,231,66,180,138,245,89,179,110,178,86,27,137,201,53,171,9,46,140,175,2,29,223,13,190,126,21,209,65,23,45,11,23,174,147,233,201,63,228,150,100,238,204,115,171,30,53,85,62,188,124,39,74,155,44,93,185,88,248,136,57,86,24,68,80,115,184,166,55,138,132,117,150,172,206,78,97,130,43,223,177,31,221,29,109,67,40,169,26,238,211,60,97,168,131,148,245,10,121,113,190,82,234,185,112,82,89,103,174,106,40,254,69,32,54,168,102,116,172,39,222,12,175,121,146,9,22,15,247,94,86,229,2,18,156,97,254,27,242,121,158,203,66,16,47,32,106,152,238,147,175,65,44,115,160,202,189,182,37,255,67,178,189,94,24,220,58,231,68,220,140,237,232,130,65,106,187,106,243,39,180,177,162,44,164,202,29,126,109,179,240,210,38,163,89,225,205,193,210,143,193,251,231,247,188,128,87,77,135,186,238,207,184,229,181,116,236,196,128,173,223,59,189,148,215,152,111,168,170,24,58,130,44,109,254,176,72,146,240,217,248,115,133,160,230,127,144,69,171,237,27,189,175,182,86,123,86,133,130,102,157,9,229,77,201,151,16,167,189,222,75,63,33,112,149,248,185,215,27,238,111,118,99,160,104,82,139,157,244,11,218,254,229,64,251,38,104,235,45,232,115,37,105,142,64,160,113,245,216,234,165,148,93,180,194,226,30,134,211,234,185,247,172,115,200,119,8,239,155,227,101,18,15,132,178,160,189,23,167,221,245,185,243,81,21,57,51,118,54,242,203,237,38,218,243,165,174,217,139,123,73,210,95,87,66,209,179,65,93,107,129,12,115,252,49,89,60,74,232,40,122,40,154,87,236,151,42,243,248,44,136,59,63,193,161,172,160,136,227,213,33,251,177,52,2,173,102,194,87,155,26,110,92,126,167,98,118,246,169,105,35,11,87,53,3,65,217,244,152,133,166,110,75,69,71,59,53,107,177,127,102,54,165,73,253,88,148,171,53,213,234,201,234,195,89,24,94,225,135,172,207,236,95,158,28,176,72,38,110,232,12,134,220,107,171,216,223,208,74,107,153,210,224,178,136,232,110,181,57,4,165,67,48,21,8,131,66,124,95,111,172,44,144,17,7,124,232,192,233,252,37,134,210,248,69,78,44,39,29,103,162,215,175,246,83,38,182,237,159,58,218,167,194,190,61,200,124,115,112,95,76,95,210,239,114,18,172,177,150,43,49,106,99,8,18,230,30,19,111,251,135,109,89,1,56,223,14,125,21,95,84,186,121,121,220,28,141,227,233,155,10,146,172,178,108,60,9,105,149,131,226,141,80,127,171,73,135,100,223,223,87,183,12,155,239,106,105,248,40,119,95,228,21,84,239,236,244,161,234,202,61,93,160,95,59,209,195,208,139,186,119,183,158,115,169,173,68,189,123,251,84,71,130,150,137,60,34,176,67,56,155,155,232,70,136,225,221,138,79,233,179,182,54,122,53,206,89,74,133,112,12,30,164,235,147,108,105,235,62,173,248,43,100,162,154,104,181,62,207,96,47,138,45,246,153,65,4,100,230,177,114,151,21,223,35,254,74,60,87,96,255,126,224,242,246,60,100,208,173,255,194,232,198,64,50,141,43,233,15,230,55,249,189,18,9,157,85,34,179,238,228,193,60,202,187,105,246,49,171,144,156,185,190,60,172,14,202,41,125,49,59,50,126,140,44,140,156,79,188,63,146,42,72,161,36,83,23,57,169,173,229,203,85,102,68,5,135,88,117,2,246,19,40,102,91,196,6,26,58,173,134,84,71,222,58,103,87,216,80,155,67,149,24,20,139,7,181,51,13,237,250,62,204,239,216,233,210,72,181,180,25,232,76,41,224,198,235,101,70,82,79,106,45,253,113,191,226,118,188,19,223,208,187,193,251,217,178,18,247,167,72,77,63,242,162,115,98,148,233,91,154,176,109,52,171,147,20,59,17,181,254,117,60,84,7,26,194,236,99,200,12,244,116,28,162,37,109,222,5,177,134,169,152,127,228,33,5,182,123,228,124,124,178,88,37,162,195,146,10,180,157,21,120,48,129,167,74,191,137,48,176,40,91,83,94,194,238,128,34,94,188,163,9,229,74,145,194,94,230,30,127,205,187,102,150,89,187,161,99,36,25,100,78,83,67,120,252,158,204,131,133,125,115,114,247,29,57,230,152,190,78,137,167,54,180,72,184,216,144,30,147,124,197,135,1,161,202,102,221,111,159,83,132,235,6,113,189,131,204,120,203,149,28,180,10,107,88,209,3,180,196,215,20,142,108,223,101,118,186,174,21,4,250,158,221,30,92,108,251,229,72,24,4,68,17,46,26,242,14,77,60,166,13,205,75,217,184,81,86,212,248,56,88,243,49,206,201,39,179,187,21,88,76,195,198,203,251,12,43,103,6,69,43,119,191,164,111,186,133,124,119,132,181,87,170,247,13,32,208,52,23,17,241,201,208,179,84,80,142,246,48,170,104,89,86,67,169,73,124,24,47,208,158,84,248,193,166,174,175,246,75,211,145,250,161,140,238,101,120,191,221,204,232,2,171,168,240,13,252,31,141,217,222,23,168,24,147,100,156,173,183,143,134,17,107,189,141,50,162,143,41,75,198,159,43,191,122,211,46,112,133,187,22,183,154,101,35,161,126,173,235,178,250,1,99,208,58,240,213,144,150,140,44,73,136,179,204,93,211,246,189,228,159,19,159,48,156,218,142,143,58,18,18,106,52,81,162,43,174,111,190,188,32,149,163,145,220,4,26,213,31,188,182,197,237,194,169,114,241,94,254,34,172,252,80,193,254,52,84,133,175,91,24,254,27,37,56,186,242,11,129,225,81,234,128,89,220,185,41,135,115,5,186,251,181,169,69,250,245,241,199,138,16,84,227,233,176,70,252,169,41,237,75,26,249,38,198,34,7,204,218,37,113,217,163,165,98,29,197,179,28,206,11,185,12,109,0,48,7,160,178,27,173,101,95,222,54,54,109,98,207,208,17,97,180,222,204,157,137,189,219,176,18,82,201,138,91,14,228,69,243,87,190,197,123,212,159,153,26,213,188,75,233,168,98,38,61,151,250,232,145,39,119,248,1,169,181,30,177,231,109,74,50,67,108,4,86,197,28,161,149,215,228,190,168,247,140,183,241,30,121,235,160,96,162,245,108,105,140,89,252,28,157,14,186,211,134,51,90,201,243,65,38,9,69,10,115,93,188,230,129,131,39,2,45,11,214,162,27,23,10,225,89,58,54,172,11,148,11,101,37,146,109,167,92,201,233,101,210,146,76,55,137,106,156,20,67,0,28,39,20,82,106,125,144,90,164,112,126,161,98,143,93,2,212,138,125,106,196,238,51,81,72,227,19,158,42,236,98,235,117,172,247,151,173,235,116,47,196,147,166,86,99,158,118,100,30,226,115,156,241,70,154,19,87,203,141,219,57,53,113,99,44,121,20,79,139,23,143,237,68,201,77,143,10,227,185,23,76,165,220,23,14,30,184,217,44,124,162,145,133,250,19,169,117,229,129,157,62,198,86,113,88,25,88,194,249,231,141,188,52,190,74,175,176,90,247,178,153,227,247,84,148,87,85,45,107,218,116,110,92,153,140,159,249,248,49,210,230,117,151,28,114,195,60,104,49,115,101,22,142,22,189,180,205,121,142,101,24,226,89,10,199,10,216,216,61,30,123,70,157,16,47,137,102,166,2,2,88,10,202,249,179,4,222,239,159,238,238,62,227,206,35,209,234,73,182,215,204,18,230,146,174,54,54,149,36,98,165,29,165,113,40,153,183,163,103,179,242,18,103,190,158,175,223,71,198,193,206,14,199,224,127,159,107,75,116,99,174,222,54,28,129,228,234,86,62,169,98,179,212,248,213,240,166,6,245,220,157,208,61,47,182,249,38,132,189,237,8,101,157,114,196,14,81,101,72,221,145,49,149,61,131,65,193,71,208,158,7,61,164,232,115,111,86,149,108,16,96,168,126,84,118,94,249,165,248,124,49,54,32,89,124,45,231,186,234,233,40,136,153,225,60,9,51,25,239,65,170,236,65,134,165,74,184,191,84,185,195,147,24,125,139,215,18,252,184,149,209,244,253,232,38,33,182,2,247,217,0,34,71,156,199,17,33,114,207,48,135,32,225,165,185,50,180,17,248,142,124,245,252,53,189,199,92,11,234,170,207,4,159,82,164,108,12,85,217,245,31,139,23,193,188,61,201,102,247,229,52,234,121,26,95,175,210,125,138,16,14,168,193,168,174,73,104,51,30,230,66,241,215,114,30,204,162,102,63,174,240,139,204,11,246,84,5,250,200,230,66,152,172,76,138,27,109,132,103,225,24,231,19,237,121,187,29,12,55,164,8,48,172,223,89,85,29,154,91,149,171,103,169,23,136,211,40,35,223,33,237,90,62,26,88,101,52,149,179,149,4,137,119,93,138,170,228,85,201,43,205,150,123,76,253,224,43,170,225,173,105,128,20,20,229,25,133,209,90,124,76,136,184,214,152,213,123,125,190,23,14,139,71,247,229,57,201,187,185,84,244,12,122,243,221,173,35,179,38,122,117,57,22,21,255,41,65,87,80,143,36,71,37,199,41,247,234,142,94,126,142,1,142,46,44,50,147,61,30,34,237,86,184,195,4,221,56,71,108,1,209,210,72,53,234,201,131,216,87,174,177,229,212,159,215,168,30,143,72,88,102,142,94,58,139,232,75,177,5,137,17,108,48,83,19,6,250,67,137,204,35,129,54,148,187,244,198,247,233,215,65,24,91,245,92,145,243,46,75,231,252,11,81,45,115,94,155,74,132,69,181,60,2,211,252,250,29,220,149,241,133,142,61,152,140,248,12,2,27,61,249,210,163,197,181,65,186,37,186,40,214,36,186,137,127,246,183,95,69,79,189,21,47,137,102,41,231,253,226,129,116,181,83,226,138,183,160,0,117,62,98,106,37,56,85,232,69,171,45,193,174,138,46,234,197,205,55,192,122,119,62,236,23,190,128,61,156,243,120,132,167,219,81,219,147,223,228,130,132,127,215,124,143,204,73,223,207,236,248,210,32,235,139,90,235,226,182,46,4,59,200,220,212,181,72,11,63,67,101,0,133,60,231,247,19,29,114,42,156,29,81,172,90,171,47,51,87,78,208,134,63,224,185,120,18,110,98,58,176,99,29,245,27,195,227,242,123,114,137,249,244,229,240,69,147,69,9,182,82,42,6,148,244,195,92,17,242,4,219,58,28,43,198,50,31,141,199,175,56,104,188,59,31,253,254,158,112,249,131,49,42,139,171,65,148,20,108,95,61,3,4,244,186,16,214,240,84,240,146,246,182,230,210,125,195,13,185,230,98,159,250,44,125,167,239,231,155,122,29,255,114,184,181,138,4,101,244,151,195,214,38,251,247,20,35,212,18,51,110,201,38,152,193,106,130,200,192,48,130,253,69,205,110,217,53,21,141,115,91,85,200,190,179,136,88,240,180,234,93,9,179,83,26,115,96,170,203,228,194,101,208,215,54,229,18,134,234,149,23,133,19,4,151,64,238,219,88,171,65,147,4,173,78,21,102,206,245,104,209,92,56,2,202,49,161,116,44,112,156,73,37,184,71,91,190,155,170,199,40,5,199,187,221,236,27,110,154,215,252,3,250,10,63,47,223,83,251,76,157,87,169,98,212,68,199,47,48,203,116,24,112,11,52,174,153,157,214,30,204,24,152,229,50,11,250,32,75,130,88,37,196,7,2,71,159,178,193,145,120,63,4,91,63,3,1,235,135,85,193,147,20,41,17,219,120,171,5,248,133,212,192,161,195,107,40,113,132,170,106,104,15,4,116,140,62,56,120,204,229,154,44,150,238,217,111,131,217,88,145,90,227,45,47,141,169,59,63,103,161,243,207,160,216,77,90,121,195,242,150,202,171,176,194,103,197,241,139,24,229,216,198,181,127,189,215,71,34,116,175,229,252,102,184,214,155,72,217,149,120,40,161,55,160,145,255,17,129,91,206,143,66,145,32,37,96,28,198,141,202,237,198,38,131,118,157,58,233,149,253,14,249,100,93,139,59,23,209,106,147,134,20,201,249,92,180,118,92,126,176,201,164,101,6,177,141,246,252,39,105,11,153,33,116,225,60,108,199,213,165,106,248,170,206,210,189,51,4,198,169,31,17,73,118,174,155,221,143,252,159,92,200,76,24,21,197,225,127,213,38,61,241,81,35,167,142,184,212,51,236,136,253,232,10,244,19,161,225,37,47,109,57,93,18,62,57,46,76,241,155,252,66,104,139,122,23,250,229,89,35,132,215,91,164,48,227,162,129,107,54,22,201,49,137,95,68,184,177,47,148,217,144,15,119,148,198,42,49,18,230,67,189,206,94,233,93,29,126,29,116,85,9,124,1,204,88,234,206,243,42,93,169,248,94,169,157,255,61,73,245,69,250,81,176,97,198,72,200,53,227,105,150,184,113,95,189,55,198,107,138,85,87,35,190,84,198,107,194,249,99,7,167,39,23,236,77,7,232,111,87,163,230,197,228,248,41,171,78,63,110,2,2,180,35,216,154,183,105,95,115,156,11,20,245,144,210,122,100,92,180,201,161,152,133,168,202,247,196,68,211,66,39,106,139,241,162,253,78,153,40,154,177,32,109,247,214,96,212,103,236,227,210,95,196,168,39,11,255,190,239,205,243,246,187,125,42,161,204,166,198,224,51,43,156,17,125,179,222,214,137,222,12,30,117,112,205,92,203,164,99,170,193,188,194,131,210,208,68,156,243,149,67,133,232,114,140,28,218,124,39,75,177,115,77,149,22,169,159,40,188,21,25,102,147,68,201,116,43,139,175,235,184,242,37,185,114,128,96,177,117,55,53,44,152,250,164,76,112,73,229,142,48,63,226,121,95,245,38,78,193,41,57,249,178,244,143,60,219,194,216,25,79,86,217,96,65,236,38,13,145,232,149,30,195,158,89,96,220,2,123,6,24,202,43,84,250,110,94,59,241,69,66,142,49,225,39,114,186,169,177,55,235,117,93,61,218,135,43,202,145,164,163,116,15,4,106,84,137,48,212,136,87,226,55,121,80,100,215,186,114,123,89,122,148,6,82,225,39,8,231,99,167,135,19,109,162,130,167,48,90,245,10,7,189,100,57,54,36,91,226,235,61,10,175,61,231,14,221,33,245,14,45,113,184,68,138,138,2,66,201,225,181,191,187,125,45,238,50,47,6,248,63,225,139,99,32,222,248,85,51,166,59,232,30,29,197,28,233,214,211,94,211,58,32,127,51,248,142,219,216,114,34,167,196,76,152,158,84,137,141,59,244,198,13,245,84,195,173,114,18,203,55,134,169,92,205,178,237,36,37,229,179,102,27,91,201,203,42,130,191,104,113,80,50,85,124,145,79,32,141,102,97,140,160,102,223,57,107,139,40,172,143,204,79,38,189,188,158,4,167,238,8,161,197,102,139,215,184,63,206,157,241,221,44,198,152,228,184,204,195,35,207,203,42,220,131,231,34,210,214,122,143,100,36,20,143,140,172,7,141,68,167,109,148,23,178,86,167,25,100,43,142,58,161,31,168,242,207,90,204,80,137,138,7,7,28,227,62,206,213,45,145,22,160,85,189,59,72,138,145,96,218,58,138,192,97,131,238,48,125,207,248,171,172,247,180,35,53,175,76,91,215,71,17,110,46,43,150,70,6,250,43,180,130,13,239,73,243,205,64,167,212,12,86,85,148,122,180,106,6,187,48,85,4,212,53,214,217,162,214,166,15,180,226,48,140,13,182,29,81,82,152,77,216,144,90,127,177,4,234,76,241,250,249,52,245,184,61,246,131,219,38,79,144,57,186,171,78,42,225,20,151,206,8,190,122,196,132,165,189,239,76,177,163,162,247,3,232,16,148,130,83,80,50,131,159,52,186,247,223,132,125,29,70,242,148,192,180,239,254,126,125,76,73,114,152,164,151,164,55,251,57,196,74,107,64,134,3,211,90,125,146,122,209,251,22,82,155,44,6,103,198,233,28,35,24,147,199,56,121,45,51,228,144,127,204,254,149,4,45,158,235,119,198,248,170,169,164,172,7,132,43,181,147,122,201,3,177,211,197,21,226,154,142,221,236,148,122,108,180,48,105,185,177,124,112,2,195,155,47,233,249,114,209,225,50,149,18,134,235,93,120,138,42,77,158,51,157,79,124,29,55,7,29,106,56,72,203,35,139,224,213,136,179,55,213,35,112,244,91,202,27,123,126,94,38,220,212,162,132,130,158,58,59,171,56,118,130,192,230,67,80,133,252,146,182,126,255,103,189,216,125,53,13,168,189,196,100,243,249,247,202,178,111,156,15,125,80,113,59,253,58,21,240,126,41,91,40,236,60,57,4,135,239,122,127,204,169,67,22,78,37,208,28,249,193,173,247,84,74,244,229,13,52,58,161,215,71,180,57,110,174,212,211,217,199,230,90,246,177,3,108,201,113,13,229,119,206,108,170,149,237,67,173,184,3,70,9,133,194,109,167,42,210,166,9,81,7,91,92,81,146,130,232,246,25,18,209,198,252,8,21,147,78,7,127,92,133,127,161,56,191,21,171,127,146,215,39,88,199,55,93,70,29,62,142,79,29,129,211,245,104,225,70,94,73,167,182,129,65,149,112,11,67,244,81,70,193,58,184,243,201,125,89,185,200,131,235,200,145,105,174,67,231,70,18,223,113,118,93,68,192,151,76,245,252,133,65,226,252,155,58,62,222,117,223,69,17,217,246,201,194,234,37,35,232,232,34,35,131,156,169,204,163,58,50,169,187,8,65,234,146,182,196,78,79,229,205,54,39,215,13,84,31,150,112,81,221,151,250,95,35,92,113,221,15,85,251,200,153,204,52,190,91,151,27,101,75,56,15,206,111,60,152,236,241,165,198,143,54,42,91,114,144,20,182,20,86,109,242,44,233,11,64,58,69,70,152,62,77,233,43,204,205,50,77,55,201,132,211,224,239,175,17,237,37,138,119,83,250,52,253,169,35,45,213,57,105,137,147,194,48,230,63,63,182,164,89,97,137,73,168,87,151,191,145,211,190,192,88,6,194,143,41,37,189,232,136,140,16,9,120,38,51,47,38,130,60,122,167,244,196,201,21,65,18,253,80,130,62,55,241,158,18,233,43,114,37,195,98,62,249,36,245,208,87,8,223,9,167,16,116,222,53,117,201,194,37,86,19,91,88,199,69,210,72,164,126,206,236,55,64,114,162,167,74,238,156,227,229,80,121,15,81,127,83,48,202,232,55,162,64,70,157,224,182,208,87,199,46,28,237,27,150,150,149,193,173,75,16,94,146,48,151,94,213,61,202,244,61,158,166,48,6,109,217,88,99,126,65,78,134,164,155,254,50,140,233,198,18,221,212,194,144,79,104,165,106,255,116,88,235,123,177,62,225,13,178,165,213,118,109,187,255,71,24,178,178,109,185,31,46,15,6,134,68,183,139,247,233,39,180,146,17,171,203,51,147,233,106,228,237,115,82,113,222,36,191,240,176,83,9,20,50,111,87,10,167,70,17,13,70,189,130,197,33,176,177,183,137,205,239,30,60,92,29,220,215,95,165,14,43,14,84,72,168,87,251,41,75,171,15,160,57,80,55,66,109,53,246,151,105,15,209,71,138,94,109,107,48,56,238,83,65,15,241,200,176,65,126,236,123,60,127,36,191,88,100,115,253,250,210,131,133,200,67,179,151,242,36,171,125,49,56,85,178,211,147,183,153,122,101,71,234,228,184,164,172,204,119,245,94,222,23,163,120,62,246,125,238,61,210,251,217,195,208,36,181,34,243,243,75,35,169,11,74,201,225,52,18,70,92,182,115,174,200,14,84,218,199,140,215,141,45,232,139,139,154,177,50,111,130,36,135,236,147,85,100,53,89,226,5,152,242,42,162,52,147,151,59,76,169,103,202,83,60,66,26,210,225,67,31,189,35,184,179,149,186,92,236,226,48,127,108,142,180,183,62,152,200,11,44,88,55,248,16,57,89,196,17,117,24,17,230,187,124,254,125,123,248,241,15,178,183,209,165,174,27,179,20,218,170,221,7,177,108,174,217,147,113,30,166,7,31,203,185,77,134,172,154,149,189,28,133,246,156,5,167,144,207,251,38,182,58,157,70,2,65,86,134,101,119,209,245,61,75,205,154,184,167,17,221,33,168,207,138,62,30,9,165,105,5,15,48,220,151,208,128,26,221,122,180,13,119,209,123,164,5,214,36,163,100,117,162,122,194,151,147,37,113,221,102,107,73,171,49,0,201,98,117,185,21,174,62,224,137,194,126,27,123,146,195,237,171,118,12,141,36,11,6,218,149,169,106,181,106,12,17,124,218,232,224,109,133,4,159,212,159,53,1,185,247,186,97,152,113,108,182,69,209,216,92,177,19,180,45,8,195,228,210,193,36,35,162,20,229,3,184,237,88,148,11,97,199,15,79,172,164,138,90,117,165,166,72,73,145,65,35,190,170,228,36,205,115,91,213,33,174,93,113,226,173,39,1,126,145,6,168,227,254,9,208,48,87,211,70,159,105,18,218,71,198,57,142,109,214,85,164,54,71,95,158,238,202,123,17,164,45,23,137,244,85,194,48,40,130,105,42,84,162,40,4,3,220,155,127,125,97,38,220,126,191,218,246,101,197,105,252,218,128,50,210,96,34,200,246,15,69,234,92,239,133,120,53,98,149,236,98,80,227,6,213,112,22,13,49,255,181,6,236,50,62,196,56,150,153,220,250,139,187,250,73,184,125,242,81,52,57,34,94,79,216,189,240,194,120,41,191,84,20,26,250,15,139,0,237,247,253,244,185,20,91,33,59,63,85,191,4,52,104,87,30,38,42,37,8,70,159,52,157,209,188,184,23,132,180,145,208,33,108,141,51,94,132,152,10,137,37,117,122,202,9,191,159,138,27,105,99,158,10,177,76,120,7,27,109,120,38,198,55,217,247,22,87,60,161,250,142,81,128,27,68,61,239,106,143,73,100,3,205,97,153,182,240,55,110,212,199,174,169,238,176,21,62,178,43,39,185,67,202,168,236,98,91,80,153,210,234,25,61,205,31,107,167,122,184,73,215,125,95,10,187,113,189,38,248,173,25,161,222,150,238,93,115,220,222,252,82,77,60,88,53,151,192,49,250,100,99,129,93,9,229,223,78,134,14,119,245,225,197,242,230,194,185,23,117,178,112,43,44,194,76,243,67,193,249,165,240,43,199,183,174,60,15,218,221,146,245,202,114,10,229,245,41,190,92,147,36,176,239,150,92,18,168,177,97,237,89,106,200,78,15,59,221,184,249,109,190,77,164,33,106,205,219,29,230,22,62,6,251,236,126,201,29,97,122,45,59,55,143,91,51,8,61,243,38,59,43,111,90,227,211,94,134,216,43,29,141,9,103,150,61,159,7,181,62,229,237,59,52,177,38,135,73,100,187,129,181,9,122,84,26,233,120,139,206,102,216,28,81,209,103,211,149,220,20,113,156,19,135,179,163,170,28,38,76,29,100,89,42,249,215,116,241,67,223,94,246,166,49,204,112,69,56,65,185,253,169,139,215,128,96,44,166,39,71,29,249,225,174,55,27,51,145,169,37,57,156,16,94,181,17,108,177,236,195,250,159,41,53,22,65,211,105,133,178,161,104,215,167,44,61,200,254,49,195,56,213,9,11,110,34,79,179,219,242,140,204,120,21,100,23,198,76,253,151,99,79,128,207,17,1,162,62,59,219,139,111,104,62,90,106,96,91,23,143,210,43,165,4,220,183,126,65,54,143,36,220,31,78,117,229,116,201,93,92,44,112,94,50,244,69,160,166,157,51,109,144,80,179,211,112,116,252,8,222,144,56,191,250,161,203,29,189,190,78,218,126,187,164,32,141,60,249,5,205,240,224,43,199,160,34,139,252,226,181,103,139,198,145,167,117,81,161,66,98,45,122,215,133,174,42,251,166,129,167,228,184,148,207,33,18,141,172,46,39,104,23,198,65,197,133,179,26,41,168,45,87,249,102,233,113,174,195,184,252,149,39,193,68,40,54,225,102,87,244,203,68,124,153,230,115,218,232,14,57,140,243,119,253,223,104,135,132,2,211,39,41,217,118,91,205,214,165,209,250,84,235,8,253,117,253,208,39,210,124,176,250,148,55,211,25,163,126,2,35,117,92,88,246,9,239,212,206,73,123,190,144,96,89,141,132,71,193,199,55,125,118,97,100,174,128,145,69,155,113,62,78,124,14,192,70,158,9,250,158,75,38,142,78,147,179,107,121,202,93,135,200,51,58,2,14,215,221,118,94,144,115,235,90,229,81,51,38,243,3,7,113,154,32,77,94,131,65,12,246,63,190,84,120,23,132,107,46,192,133,10,217,173,214,26,220,25,182,126,8,145,148,240,207,145,230,28,134,243,191,77,60,118,223,93,48,134,146,176,164,120,169,19,55,44,154,69,252,189,201,232,144,56,225,34,122,245,67,173,171,84,91,187,137,29,37,199,51,159,17,182,249,85,170,14,188,103,97,68,210,231,36,165,12,86,96,65,108,193,193,38,69,250,35,248,253,32,100,167,93,207,220,75,219,32,136,80,193,22,165,227,193,101,105,96,11,158,118,7,147,107,224,15,81,241,190,252,224,19,37,157,75,227,215,233,174,15,42,47,57,30,243,227,232,59,61,82,84,162,0,32,238,218,57,56,184,2,0,108,237,92,45,77,193,127,33,152,61,0,112,106,0,20,248,235,251,79,130,250,175,90,255,43,47,2,254,143,4,13,0,34,22,196,201,200,6,0,160,7,177,249,59,38,204,127,247,134,83,243,223,44,255,47,226,194,253,21,96,252,111,150,198,204,20,226,12,0,32,49,179,117,134,252,167,197,95,126,97,255,221,22,33,204,206,212,202,8,0,64,97,103,250,191,238,157,3,0,112,1,52,123,255,102,88,45,77,109,157,254,3,113,181,50,53,251,167,166,150,149,169,153,131,140,145,189,169,173,217,95,58,8,175,237,172,236,205,1,0,184,174,118,127,59,253,231,50,105,76,255,133,145,152,58,153,153,255,99,27,168,46,78,182,20,255,154,195,95,57,67,140,109,255,109,5,213,206,16,103,211,127,232,228,24,185,154,112,254,111,82,1,224,254,218,182,12,0,127,183,255,95,141,255,70,132,47,47,0,0,94,35,87,19,113,40,83,64,254,178,14,136,44,76,1,121,249,188,136,10,92,11,230,95,135,242,87,7,3,206,3,136,62,66,1,120,203,195,181,200,26,150,167,219,219,191,108,113,141,33,78,255,74,42,21,220,192,223,13,0,66,103,200,223,9,255,143,232,238,127,159,53,0,184,206,16,231,127,202,161,0,128,153,51,249,79,93,247,127,201,96,255,29,71,6,255,149,255,15,59,232,255,193,255,7,255,31,252,255,109,156,193,25,226,108,242,159,15,253,223,184,230,191,143,127,241,52,255,154,67,221,58,67,156,61,254,241,22,185,3,144,110,14,192,43,52,0,80,164,1,64,250,5,0,242,29,0,20,180,0,160,5,252,155,108,0,0,20,117,0,24,80,0,192,52,3,0,133,1,0,212,10,0,4,159,1,192,15,7,0,173,9,0,12,88,0,36,87,1,32,246,6,0,211,27,0,140,29,0,36,207,0,160,76,2,0,155,8,0,204,93,0,100,52,0,32,25,5,0,87,229,175,127,248,0,40,148,2,64,70,15,0,110,15,0,56,162,0,88,227,1,32,124,3,0,3,35,0,108,89,0,64,100,1,80,143,7,128,55,5,0,30,125,0,124,95,0,144,97,7,128,39,4,0,182,41,0,60,42,1,224,111,3,128,125,18,0,114,14,0,108,253,0,224,15,3,128,193,9,0,242,37,0,236,86,0,224,224,0,128,140,18,0,2,84,0,108,205,1,96,91,0,128,236,25,0,60,17,0,44,116,0,96,208,2,128,120,1,0,252,62,0,76,231,0,96,105,5,128,194,9,0,2,108,0,108,159,1,96,82,5,128,140,0,0,124,75,0,32,75,0,112,198,3,64,179,9,0,81,49,0,206,78,0,80,15,2,240,234,39,0,248,30,0,152,81,1,64,187,4,0,105,27,0,56,120,0,24,245,3,64,227,6,0,9,22,0,152,85,0,232,20,3,64,111,2,0,89,224,191,112,173,101,0,136,223,1,128,239,13,0,54,63,0,210,232,0,144,217,3,64,154,243,111,249,178,0,64,115,10,0,202,13,0,136,55,1,192,54,2,64,42,26,0,106,43,0,40,140,0,192,12,7,64,62,31,0,188,115,0,240,137,1,192,182,1,64,97,23,128,87,135,0,144,188,5,0,163,29,0,151,55,0,80,209,2,64,188,8,0,230,175,127,213,8,19,135,127,220,15,14,128,209,236,8,0,48,118,49,133,252,85,136,117,236,204,254,30,255,34,202,127,22,93,59,83,43,39,35,71,71,219,127,22,48,86,171,127,85,118,218,18,136,195,95,78,73,77,141,254,54,254,251,82,42,24,185,154,243,188,97,227,227,101,227,228,224,248,255,0,60,165,27,201,17,122,21,0,23,25,157,54,177,224,117,50,44,250,255,197,47,97,240,114,37,211,155,83,145,151,166,189,158,224,51,77,123,211,119,65,247,170,203,14,153,87,87,184,75,222,187,112,5,247,0,69,178,167,108,187,8,123,55,86,201,87,178,34,185,77,252,221,74,110,102,241,23,186,99,230,146,208,173,120,210,148,180,73,241,137,172,38,55,115,118,60,170,32,215,107,245,9,4,198,158,134,203,199,138,215,76,233,191,147,183,112,114,127,201,142,228,193,171,40,233,25,208,160,213,176,225,171,72,167,24,172,179,216,36,213,146,199,231,150,143,132,24,16,225,119,147,155,107,174,228,152,52,128,204,42,153,236,234,184,213,254,186,161,36,143,50,155,214,85,107,213,28,176,6,23,225,219,96,176,94,120,68,119,89,252,0,26,247,41,69,28,58,74,18,135,49,21,205,108,195,100,9,115,95,170,254,45,81,210,158,2,17,195,136,215,159,166,226,5,137,109,243,108,12,251,158,146,135,39,118,117,173,103,217,123,151,35,237,112,52,52,98,66,179,33,227,76,9,156,177,27,240,153,103,158,119,132,119,177,246,103,202,43,88,43,139,172,159,248,99,114,58,37,255,93,152,164,36,152,204,178,152,63,190,149,10,43,82,54,147,247,72,5,139,226,182,224,196,125,197,41,184,62,207,81,49,47,223,205,122,43,99,43,204,90,39,52,225,94,51,112,248,60,11,71,203,187,100,0,185,5,51,205,154,240,113,51,189,209,38,185,110,31,174,116,251,38,116,206,141,92,25,179,115,210,240,114,5,6,146,167,194,96,70,5,48,60,152,133,10,233,100,55,51,73,121,64,36,98,74,50,97,33,122,211,12,205,5,178,11,8,149,67,113,86,201,152,156,120,233,224,162,22,85,155,75,142,171,14,70,109,166,161,198,97,18,64,41,149,32,45,227,90,12,40,91,93,78,6,0,210,230,97,96,144,41,157,77,1,39,24,122,13,26,214,247,83,102,196,198,239,163,255,247,9,140,68,182,38,131,68,82,161,128,155,203,226,152,19,76,243,67,9,32,168,153,213,192,255,23,1,172,203,159,178,248,108,221,23,120,1,83,174,129,46,153,11,122,172,122,78,182,165,113,63,38,112,29,9,24,235,2,218,72,174,165,21,240,229,139,18,231,165,90,109,10,120,66,213,193,58,56,202,50,185,50,121,89,132,119,165,50,172,8,99,5,96,174,67,160,207,47,201,12,146,239,38,32,134,145,232,240,84,117,41,160,53,224,131,22,89,62,130,165,148,129,29,90,186,252,12,14,116,227,223,121,26,38,222,58,37,37,248,252,21,12,46,30,21,2,33,77,129,96,5,85,62,12,51,130,89,217,26,206,103,10,208,42,217,2,57,33,133,5,75,165,84,57,28,136,152,70,162,133,158,73,251,227,114,106,242,127,116,78,141,111,91,131,12,249,249,12,58,25,108,201,225,59,64,86,90,132,183,156,74,145,218,202,206,1,94,149,231,9,111,54,180,51,185,229,122,106,151,97,79,129,122,51,58,201,10,180,248,98,4,105,213,174,104,21,128,209,96,48,177,33,80,211,48,8,210,49,112,72,196,92,90,85,155,3,205,154,42,60,82,80,207,198,255,134,72,105,86,46,25,18,29,222,13,110,157,149,165,242,147,0,68,198,171,245,119,84,154,37,70,87,129,3,157,125,222,3,152,20,216,69,17,171,232,35,211,140,76,76,106,51,75,212,93,45,34,167,128,13,51,202,222,2,161,97,201,37,209,80,230,120,242,165,50,196,235,254,116,18,93,81,89,108,221,181,178,56,105,80,176,47,39,103,139,125,50,128,36,148,90,218,171,221,203,20,24,66,183,145,193,169,8,175,225,64,82,54,73,192,80,16,153,37,73,122,70,55,180,108,195,137,186,129,149,59,176,65,240,142,136,77,123,51,6,220,166,246,76,182,168,25,179,216,152,88,221,70,19,36,208,147,137,152,231,182,219,95,222,255,240,55,61,247,107,173,173,231,237,249,253,235,95,249,242,139,127,245,232,228,230,226,3,44,137,67,121,46,79,191,229,227,223,253,147,209,119,155,251,15,239,78,231,15,79,111,249,122,122,152,232,23,7,171,195,251,247,238,191,243,205,111,221,121,231,15,28,108,78,18,125,238,205,28,209,44,225,105,151,151,23,120,246,217,15,253,153,85,91,111,47,47,207,214,47,191,242,245,191,120,118,126,254,161,245,230,32,145,172,39,40,112,74,233,9,216,0,173,108,182,84,171,168,1,232,136,84,251,106,186,90,145,135,145,99,192,94,137,116,4,239,95,43,64,144,195,159,149,204,135,97,102,192,169,19,208,181,188,145,174,4,182,236,67,14,245,105,118,77,169,26,187,146,143,165,17,95,224,114,115,116,152,15,207,46,190,229,151,126,254,191,121,241,115,159,251,228,127,124,254,240,236,125,211,234,232,198,193,193,35,137,233,104,221,166,233,214,27,239,188,243,7,126,229,159,252,226,127,247,171,191,246,107,159,184,127,122,255,7,204,155,218,166,155,158,169,206,24,192,138,151,70,249,61,5,77,81,221,34,40,0,37,219,40,223,197,42,189,89,71,91,122,40,74,206,86,130,54,213,165,20,2,109,244,163,206,128,34,115,248,211,12,96,210,125,207,84,235,106,218,8,190,137,81,170,69,213,68,148,112,144,31,239,120,242,185,163,42,132,234,177,69,104,84,50,87,55,205,16,161,109,65,122,244,169,173,113,227,198,163,254,115,191,248,179,95,248,202,215,191,248,47,71,95,225,177,199,63,144,183,110,62,110,7,155,13,220,220,55,171,214,108,242,169,97,154,250,190,99,238,115,68,159,253,104,125,28,135,135,55,251,141,235,143,198,245,27,79,230,131,211,7,79,253,242,47,255,236,239,158,93,108,63,62,141,86,107,5,65,105,64,111,168,98,8,88,71,52,6,14,46,45,214,74,74,21,21,148,101,175,171,18,211,154,142,48,171,138,122,85,97,186,161,102,15,12,9,25,133,113,69,72,123,17,218,69,250,141,238,2,73,106,164,50,62,173,211,111,23,43,104,117,15,192,234,29,181,137,199,24,150,94,62,199,10,86,142,245,207,10,246,69,66,214,251,177,237,53,105,63,228,159,93,149,207,205,88,225,87,171,128,40,255,141,226,198,225,96,215,68,225,56,19,169,89,196,144,41,89,69,121,180,32,14,8,22,108,52,5,201,53,240,175,134,200,155,49,88,174,112,31,3,43,98,216,209,34,20,205,59,186,117,38,194,45,145,83,45,21,63,187,169,19,213,102,83,133,58,247,185,180,79,1,118,86,113,189,116,62,43,249,166,53,108,170,82,78,37,214,17,19,208,170,208,64,159,95,132,44,108,36,138,155,89,176,10,43,97,81,31,30,187,4,122,91,31,122,91,123,159,108,182,203,56,111,151,219,93,108,214,135,111,185,181,245,254,236,204,219,122,114,119,92,6,230,132,101,91,109,14,177,221,237,46,142,142,166,7,125,191,189,236,45,251,122,179,177,30,125,189,223,95,94,172,219,234,97,236,246,189,121,230,100,126,137,10,12,213,230,110,189,81,198,204,0,106,183,18,35,88,83,165,94,84,24,201,51,98,26,176,200,162,153,170,110,16,99,160,164,160,163,193,166,28,146,7,164,96,66,193,126,162,53,144,16,73,32,231,194,252,108,217,79,115,86,90,90,85,242,113,83,123,218,152,87,209,180,39,0,96,67,219,95,201,82,147,32,69,253,46,100,231,234,140,215,159,234,206,85,145,69,165,206,211,89,229,30,70,201,73,38,77,115,188,63,239,33,196,185,134,134,193,165,142,160,124,146,149,223,48,117,236,202,89,140,236,2,170,9,11,213,182,206,71,51,201,18,40,208,172,10,79,157,115,11,205,66,51,218,249,122,245,172,98,139,96,5,232,24,182,43,66,31,93,85,171,189,170,5,189,32,56,70,5,178,146,176,133,231,17,234,74,212,154,241,124,44,157,143,29,174,152,179,146,163,188,131,85,177,184,72,244,64,5,38,133,239,25,71,146,144,38,38,174,74,85,84,37,173,171,216,204,24,167,213,179,18,143,45,136,173,47,43,186,224,36,0,166,161,183,101,183,76,123,86,190,158,133,204,138,177,33,92,14,31,190,223,167,74,30,242,235,164,114,175,36,42,227,99,71,97,115,249,14,102,19,97,26,206,200,231,141,17,211,17,191,107,143,68,216,140,78,77,131,102,157,201,133,24,80,42,1,213,249,93,118,167,254,119,73,182,113,49,92,21,133,9,100,171,117,26,251,50,36,183,68,198,195,161,25,45,250,46,217,76,74,253,240,220,112,128,186,98,237,84,42,211,120,187,187,27,19,133,86,149,184,220,183,144,159,82,122,132,71,61,135,1,160,123,210,250,240,172,166,153,141,30,123,250,77,150,220,240,223,94,69,55,60,235,9,128,178,70,218,128,42,130,41,187,172,253,170,95,31,182,76,177,124,207,14,243,201,78,14,142,240,194,103,63,243,55,17,123,95,173,90,251,240,135,62,250,199,182,243,140,152,115,109,198,89,91,71,71,135,249,240,221,119,255,39,95,254,218,231,191,123,189,153,242,230,205,71,63,115,114,253,218,139,47,191,252,245,63,118,122,250,224,26,210,46,31,62,184,123,108,136,254,158,247,190,247,199,251,62,128,232,222,108,194,110,127,249,244,217,249,131,155,155,227,107,189,153,251,249,195,187,155,143,124,211,199,254,147,203,203,203,156,76,142,72,152,195,157,7,57,203,71,38,109,173,215,217,53,215,92,31,145,93,194,241,21,223,165,57,237,97,131,56,158,166,165,72,13,179,100,141,182,135,145,68,27,78,147,216,197,76,231,209,39,100,166,121,145,123,38,251,6,198,51,53,59,45,180,221,86,183,207,32,146,83,145,120,241,26,136,161,101,21,157,154,88,214,170,235,71,165,112,214,209,172,41,172,97,215,77,234,215,42,158,34,127,197,105,201,35,230,28,188,138,238,167,46,126,253,61,207,77,31,60,74,49,135,44,171,42,89,97,31,103,52,210,209,68,206,215,60,14,139,92,120,154,206,68,157,71,168,147,93,254,93,129,119,70,205,16,160,61,236,70,124,7,240,44,113,134,150,186,189,245,136,217,85,36,102,1,235,140,127,189,58,86,82,132,191,117,96,42,252,47,91,32,92,222,108,193,23,85,117,238,168,228,184,143,251,51,10,159,130,190,187,15,130,205,6,78,149,37,168,44,39,16,242,177,45,20,74,137,191,178,24,62,213,97,236,138,21,254,175,238,127,242,1,188,243,37,225,86,44,13,116,62,28,80,135,85,97,87,97,44,249,1,118,187,50,214,178,186,31,21,95,169,242,165,206,233,146,148,230,251,68,58,188,25,38,75,196,68]},"_outOffset":13966,"_chunkSize":16384,"_defaultFlushFlag":0,"_finishFlushFlag":4,"_defaultFullFlushFlag":3,"_maxOutputLength":9007199254740991,"_rejectGarbageAfterEnd":false,"_level":9,"_strategy":0,"_mode":3}}): AbortError: The user aborted a request.
[debug] [2026-03-30T19:35:09.407Z] [uploadQueue] Retrying task cd0b6588bb82d83309eb167e8335d8bea7458f9d22f637641318668adc50496c
[debug] [2026-03-30T19:35:09.408Z] Checked if tokens are valid: true, expires at: 1774902840888
[debug] [2026-03-30T19:35:09.408Z] Checked if tokens are valid: true, expires at: 1774902840888
[debug] [2026-03-30T19:35:09.408Z] >>> [apiv2][query] POST https://upload-firebasehosting.googleapis.com/upload/sites/matchmysizesl-85836/versions/e1b383bc2233bd5f/files/cd0b6588bb82d83309eb167e8335d8bea7458f9d22f637641318668adc50496c [none]
[debug] [2026-03-30T19:35:09.408Z] >>> [apiv2][body] POST https://upload-firebasehosting.googleapis.com/upload/sites/matchmysizesl-85836/versions/e1b383bc2233bd5f/files/cd0b6588bb82d83309eb167e8335d8bea7458f9d22f637641318668adc50496c [stream]
[debug] [2026-03-30T19:35:41.026Z] [uploadQueue] Retrying task cd0b6588bb82d83309eb167e8335d8bea7458f9d22f637641318668adc50496c
[debug] [2026-03-30T19:35:41.027Z] Checked if tokens are valid: true, expires at: 1774902840888
[debug] [2026-03-30T19:35:41.027Z] Checked if tokens are valid: true, expires at: 1774902840888
[debug] [2026-03-30T19:35:41.027Z] >>> [apiv2][query] POST https://upload-firebasehosting.googleapis.com/upload/sites/matchmysizesl-85836/versions/e1b383bc2233bd5f/files/cd0b6588bb82d83309eb167e8335d8bea7458f9d22f637641318668adc50496c [none]
[debug] [2026-03-30T19:35:41.027Z] >>> [apiv2][body] POST https://upload-firebasehosting.googleapis.com/upload/sites/matchmysizesl-85836/versions/e1b383bc2233bd5f/files/cd0b6588bb82d83309eb167e8335d8bea7458f9d22f637641318668adc50496c [stream]
[debug] [2026-03-30T19:35:48.526Z] [uploadQueue] Retrying task 81e079f829692e25d1beaa5937336db1abe5e91722ccec12c3311d18b2307937
[debug] [2026-03-30T19:35:48.527Z] Checked if tokens are valid: true, expires at: 1774902840888
[debug] [2026-03-30T19:35:48.527Z] Checked if tokens are valid: true, expires at: 1774902840888
[debug] [2026-03-30T19:35:48.527Z] >>> [apiv2][query] POST https://upload-firebasehosting.googleapis.com/upload/sites/matchmysizesl-85836/versions/e1b383bc2233bd5f/files/81e079f829692e25d1beaa5937336db1abe5e91722ccec12c3311d18b2307937 [none]
[debug] [2026-03-30T19:35:48.527Z] >>> [apiv2][body] POST https://upload-firebasehosting.googleapis.com/upload/sites/matchmysizesl-85836/versions/e1b383bc2233bd5f/files/81e079f829692e25d1beaa5937336db1abe5e91722ccec12c3311d18b2307937 [stream]
[debug] [2026-03-30T19:36:14.234Z] [uploadQueue] Retrying task cd0b6588bb82d83309eb167e8335d8bea7458f9d22f637641318668adc50496c
[debug] [2026-03-30T19:36:14.234Z] Checked if tokens are valid: true, expires at: 1774902840888
[debug] [2026-03-30T19:36:14.234Z] Checked if tokens are valid: true, expires at: 1774902840888
[debug] [2026-03-30T19:36:14.235Z] >>> [apiv2][query] POST https://upload-firebasehosting.googleapis.com/upload/sites/matchmysizesl-85836/versions/e1b383bc2233bd5f/files/cd0b6588bb82d83309eb167e8335d8bea7458f9d22f637641318668adc50496c [none]
[debug] [2026-03-30T19:36:14.235Z] >>> [apiv2][body] POST https://upload-firebasehosting.googleapis.com/upload/sites/matchmysizesl-85836/versions/e1b383bc2233bd5f/files/cd0b6588bb82d83309eb167e8335d8bea7458f9d22f637641318668adc50496c [stream]
[debug] [2026-03-30T19:36:39.707Z] [uploadQueue] Retrying task 81e079f829692e25d1beaa5937336db1abe5e91722ccec12c3311d18b2307937
[debug] [2026-03-30T19:36:39.707Z] Checked if tokens are valid: true, expires at: 1774902840888
[debug] [2026-03-30T19:36:39.707Z] Checked if tokens are valid: true, expires at: 1774902840888
[debug] [2026-03-30T19:36:39.707Z] >>> [apiv2][query] POST https://upload-firebasehosting.googleapis.com/upload/sites/matchmysizesl-85836/versions/e1b383bc2233bd5f/files/81e079f829692e25d1beaa5937336db1abe5e91722ccec12c3311d18b2307937 [none]
[debug] [2026-03-30T19:36:39.707Z] >>> [apiv2][body] POST https://upload-firebasehosting.googleapis.com/upload/sites/matchmysizesl-85836/versions/e1b383bc2233bd5f/files/81e079f829692e25d1beaa5937336db1abe5e91722ccec12c3311d18b2307937 [stream]
[debug] [2026-03-30T19:36:50.643Z] [uploadQueue] Retrying task cd0b6588bb82d83309eb167e8335d8bea7458f9d22f637641318668adc50496c
[debug] [2026-03-30T19:36:50.643Z] Checked if tokens are valid: true, expires at: 1774902840888
[debug] [2026-03-30T19:36:50.643Z] Checked if tokens are valid: true, expires at: 1774902840888
[debug] [2026-03-30T19:36:50.644Z] >>> [apiv2][query] POST https://upload-firebasehosting.googleapis.com/upload/sites/matchmysizesl-85836/versions/e1b383bc2233bd5f/files/cd0b6588bb82d83309eb167e8335d8bea7458f9d22f637641318668adc50496c [none]
[debug] [2026-03-30T19:36:50.644Z] >>> [apiv2][body] POST https://upload-firebasehosting.googleapis.com/upload/sites/matchmysizesl-85836/versions/e1b383bc2233bd5f/files/cd0b6588bb82d83309eb167e8335d8bea7458f9d22f637641318668adc50496c [stream]
[debug] Task cd0b6588bb82d83309eb167e8335d8bea7458f9d22f637641318668adc50496c failed: retries exhausted after 6 attempts, with error: TypeError: Converting circular structure to JSON
    --> starting at object with constructor 'TLSSocket'
    |     property 'parser' -> object with constructor 'HTTPParser'
    --- property 'socket' closes the circle
[debug] [2026-03-30T19:37:20.645Z] [hosting][upload queue][FINAL] {"max":14316,"min":2210,"avg":5933.571428571428,"active":1,"complete":15,"success":14,"errored":1,"retried":8,"total":16,"elapsed":192466}
[debug] [2026-03-30T19:37:25.653Z] Error: Timed out.
    at Timeout._onTimeout (C:\Users\ASUS\AppData\Local\nvm\v25.2.1\node_modules\firebase-tools\lib\utils.js:308:49)
    at listOnTimeout (node:internal/timers:605:17)
    at process.processTimers (node:internal/timers:541:7)
[error] 
[error] Error: An unexpected error has occurred.
